Date,CT,FT,IT
2015/7/1,62.6,64.6,70.8
2015/7/2,62.8,65.3,70.4
2015/7/3,68,63.9,69.9
2015/7/4,72.2,66.5,71.9
2015/7/5,76,71.9,73.3
2015/7/6,78.4,73.5,74.2
2015/7/7,69,72.9,74.8
2015/7/8,62.5,62.9,62.7
2015/7/9,66.3,66.6,69.4
2015/7/10,71.5,68.9,68
2015/7/11,73.7,72.6,68.9
2015/7/12,75,74.6,76
2015/7/13,78,72.1,74.2
2015/7/14,78,73.8,77.6
2015/7/15,68.2,67,72.1
2015/7/16,69.4,65.2,71.9
2015/7/17,80,74.2,77.6
2015/7/18,82.5,78.8,77.3
2015/7/19,82.1,79,80.6
2015/7/20,77.6,74.3,78.2
2015/7/21,77.1,74.1,76
2015/7/22,75.9,69.3,71.9
2015/7/23,77.7,71.1,74.7
2015/7/24,79.2,76.3,75.8
2015/7/25,80.8,78.1,76.7
2015/7/26,77.4,76.8,79.7
2015/7/27,80.3,76.8,76.2
2015/7/28,82.9,78.3,81.3
2015/7/29,83.3,79.1,82.4
2015/7/30,80,76.1,76.4
2015/7/31,80.7,75.8,77.1
2015/8/1,78.2,72.9,74.6
2015/8/2,82.5,74.9,75
2015/8/3,77.8,70.8,79.5
2015/8/4,75,69.4,74.2
2015/8/5,75.6,67.8,74.8
2015/8/6,76.2,67.9,70.1
2015/8/7,76.4,68.3,69.7
2015/8/8,78.1,70.5,73.9
2015/8/9,74.6,73.4,75.1
2015/8/10,77.8,73.2,77.3
2015/8/11,75,71.9,74.4
2015/8/12,72.7,68.7,71.3
2015/8/13,75.6,71.6,71.8
2015/8/14,79.4,77.3,74.3
2015/8/15,78,72.5,75.3
2015/8/16,80.7,78.6,74.6
2015/8/17,81.2,80.6,73.6
2015/8/18,75.8,77.2,73.1
2015/8/19,73.9,79.1,76.3
2015/8/20,67.2,71.1,68.5
2015/8/21,71.7,67.6,68.2
2015/8/22,75.3,69.4,70.8
2015/8/23,74.1,70,73.8
2015/8/24,67.4,65.3,66.7
2015/8/25,65.4,60.5,64
2015/8/26,64.2,62.2,68.3
2015/8/27,65.5,62.2,68
2015/8/28,68.8,61.1,69.2
2015/8/29,70.8,68.7,71.9
2015/8/30,71,72.4,76.5
2015/8/31,74.8,70.4,75.8
2015/9/1,80.8,74.4,77.1
2015/9/2,82.2,79.4,77.7
2015/9/3,83.9,73.9,79.2
2015/9/4,76.9,73.4,80.2
2015/9/5,76.9,76.2,76.7
2015/9/6,82.8,77.6,77.6
2015/9/7,83.6,80.1,80.5
2015/9/8,80,77.8,80.8
2015/9/9,72.4,73.8,72.2
2015/9/10,66.6,65,71.6
2015/9/11,63.4,64.3,65.2
2015/9/12,59.2,57.5,59.5
2015/9/13,60.3,55.5,57.8
2015/9/14,67.4,61.2,61.7
2015/9/15,73.7,72.3,67.2
2015/9/16,73.5,71,69.5
2015/9/17,75,70.8,70.5
2015/9/18,74.2,71,71.7
2015/9/19,66.8,69.8,71
2015/9/20,62.4,58.1,62.1
2015/9/21,64.5,60.3,62.9
2015/9/22,67.8,61.7,66.4
2015/9/23,70.6,63.2,68.6
2015/9/24,69.7,65.2,69.4
2015/9/25,69.6,67.2,69.5
2015/9/26,69.2,65.7,67.7
2015/9/27,70.1,66.5,68
2015/9/28,72.4,72,71.5
2015/9/29,67.6,68.9,71.6
2015/9/30,59.2,56.5,62.6
2015/10/1,57.4,52.7,57.8
2015/10/2,56.6,51.9,55.8
2015/10/3,52.9,50,49.1
2015/10/4,53.4,52,57.9
2015/10/5,58.4,60,63.6
2015/10/6,60.8,59.2,64.3
2015/10/7,62.3,58.5,64.1
2015/10/8,64.5,57.2,67.8
2015/10/9,62,61.6,64.5
2015/10/10,55.6,52,55
2015/10/11,63.3,62,57.2
2015/10/12,68.2,66.1,64.2
2015/10/13,57.5,57.3,58.2
2015/10/14,54.4,53,54.4
2015/10/15,57.3,52.8,53.9
2015/10/16,51.1,46.4,53.1
2015/10/17,44.8,40.7,43.9
2015/10/18,46.8,41.3,43.5
2015/10/19,57.7,49.8,49.8
2015/10/20,65,64.3,59.3
2015/10/21,66.2,60.7,61.5
2015/10/22,61.2,61.7,66.6
2015/10/23,57.4,49.1,63.6
2015/10/24,63.8,58.9,66.7
2015/10/25,52.8,54.5,54.7
2015/10/26,52.2,47.3,52.4
2015/10/27,54.7,51.1,52.6
2015/10/28,53.8,55.7,56.2
2015/10/29,42.2,46.6,45.3
2015/10/30,46.9,47.3,46.3
2015/10/31,48.8,48.3,48.4
2015/11/1,54.7,54.5,56.2
2015/11/2,60.3,53.2,56.1
2015/11/3,61,63.3,58.6
2015/11/4,60.3,61.9,62.6
2015/11/5,65.6,65.8,66.5
2015/11/6,55.8,62,60.7
2015/11/7,46.4,48.1,48.2
2015/11/8,44,40.1,43.7
2015/11/9,46.1,41.8,44.9
2015/11/10,48.9,44.9,46.1
2015/11/11,51.7,45.7,47.1
2015/11/12,49.7,51.2,52
2015/11/13,43.3,44.3,45.2
2015/11/14,42.3,42.5,39.1
2015/11/15,54.1,52.5,49.5
2015/11/16,53.1,52.2,47.5
2015/11/17,53.1,52.7,50.1
2015/11/18,60.1,61.4,59
2015/11/19,46,54.6,50.7
2015/11/20,38.2,40.5,38.9
2015/11/21,33.6,34.6,40.2
2015/11/22,21.4,28.8,25.3
2015/11/23,31,27.3,32.7
2015/11/24,34.7,33.1,38.5
2015/11/25,44.7,38.4,45.7
2015/11/26,55,51.9,54.7
2015/11/27,47.6,53.2,58.8
2015/11/28,39,34.9,42.2
2015/11/29,36.8,28.5,39
2015/11/30,42.1,32.8,40.5
2015/12/1,43.5,42.3,45.8
2015/12/2,36.5,37,34.4
2015/12/3,34.2,37.9,30.6
2015/12/4,38.3,42.5,31.6
2015/12/5,36.3,37.9,31.7
2015/12/6,38.7,35.3,36.1
2015/12/7,37.2,31,42
2015/12/8,41.9,38.5,43.3
2015/12/9,48.2,46.5,48.2
2015/12/10,50,46.2,47.2
2015/12/11,49.1,50.9,48.8
2015/12/12,55.3,47.8,62.8
2015/12/13,59.7,56.8,59.9
2015/12/14,56.5,59.7,56.6
2015/12/15,43.2,45.8,42.1
2015/12/16,45.1,43.3,43.5
2015/12/17,34.9,41.2,36.1
2015/12/18,29.8,33.1,30.7
2015/12/19,25.3,27.7,28.3
2015/12/20,37.8,32.4,34.7
2015/12/21,47.8,45.5,47.7
2015/12/22,41.6,50.3,49.6
2015/12/23,50.6,49.1,55.2
2015/12/24,43.2,51.5,47.5
2015/12/25,41.2,43,47.2
2015/12/26,41.6,35.4,45.7
2015/12/27,41.2,38.9,49.3
2015/12/28,35.4,30.7,37.4
2015/12/29,35.5,37.1,39.5
2015/12/30,30.1,35.6,33.5
2015/12/31,27.7,33.5,30.2
2016/1/1,25.3,29.2,27.3
2016/1/2,28.6,31.6,29.8
2016/1/3,28.8,32.8,30
2016/1/4,28.5,24.5,29.7
2016/1/5,27.5,17,25.7
2016/1/6,31.1,28,28.1
2016/1/7,38.6,35.2,35.7
2016/1/8,41.9,36,43.4
2016/1/9,40.5,43.8,47.5
2016/1/10,20.6,34.7,28.3
2016/1/11,8.3,16.4,11.8
2016/1/12,16.2,19.5,23.3
2016/1/13,9,16.6,9.1
2016/1/14,33.9,22.9,31.3
2016/1/15,41.1,35.4,43.8
2016/1/16,30.4,33.3,31.1
2016/1/17,9.6,21.5,20.3
2016/1/18,2.8,14.2,6
2016/1/19,8.1,15.9,9.1
2016/1/20,18.8,18,18.3
2016/1/21,21.3,21.9,19.2
2016/1/22,27.3,26.8,23.2
2016/1/23,30,26.8,24.2
2016/1/24,29.1,26.9,24.2
2016/1/25,34.3,34.3,33.3
2016/1/26,33.5,39.6,37.7
2016/1/27,29.1,32,28.3
2016/1/28,35.7,32.3,33.9
2016/1/29,30.5,27.6,34.4
2016/1/30,39.9,35.8,42.3
2016/1/31,44.6,44.8,51.7
2016/2/1,37.1,41.2,43.1
2016/2/2,37.1,32.7,40.6
2016/2/3,37.3,44.9,49.5
2016/2/4,28.1,33.5,29.7
2016/2/5,30.5,28.1,27.9
2016/2/6,32.3,32.1,29.7
2016/2/7,39.8,39.3,40.2
2016/2/8,32.4,40.1,35.4
2016/2/9,20.4,32,21.5
2016/2/10,15.2,21.7,14.7
2016/2/11,15.4,13.8,16.4
2016/2/12,21,16.6,22.2
2016/2/13,11.5,7.8,15.2
2016/2/14,15.8,5.6,15.6
2016/2/15,22.5,20.9,23.7
2016/2/16,29.2,28.8,31.2
2016/2/17,30.8,28.3,32.5
2016/2/18,32.5,16.7,34.9
2016/2/19,50.2,42.3,48.5
2016/2/20,51.2,50.6,55.4
2016/2/21,41.5,41.3,50.4
2016/2/22,36.7,33.2,40.4
2016/2/23,37.9,37.3,39.7
2016/2/24,36.4,33.7,36.2
2016/2/25,34.4,32.4,33.1
2016/2/26,32.7,27.1,33
2016/2/27,38.1,33.7,36.5
2016/2/28,52.2,48.8,51.4
2016/2/29,42.1,40.5,46.8
2016/3/1,29.8,25.1,41.7
2016/3/2,23.2,21.8,26.9
2016/3/3,31.2,18,34.4
2016/3/4,31.9,26,34.1
2016/3/5,34.6,29.2,36.2
2016/3/6,40.8,27.1,40.9
2016/3/7,52.6,46.9,51.9
2016/3/8,63.2,58.8,61.6
2016/3/9,62.1,64.3,61.9
2016/3/10,50.1,55.3,56
2016/3/11,44.1,43.1,47.3
2016/3/12,46.1,44.8,52.7
2016/3/13,48,49,59.4
2016/3/14,46.3,51.3,59
2016/3/15,52.1,50.5,60.2
2016/3/16,54.7,51.3,59.7
2016/3/17,50,49.2,51.3
2016/3/18,42.9,41,47.7
2016/3/19,39.5,33.6,45.1
2016/3/20,38.8,33.5,38.6
2016/3/21,40.1,36.5,38.5
2016/3/22,52.1,42.9,49.3
2016/3/23,45.7,41,58.5
2016/3/24,38.7,38.9,59.9
2016/3/25,35.8,34.5,40.2
2016/3/26,42.7,38.5,43.8
2016/3/27,50.2,48,56.4
2016/3/28,46.2,47,46.8
2016/3/29,45.9,40.9,45.5
2016/3/30,51.4,46.4,51.4
2016/3/31,60.9,60.3,58.9
2016/4/1,45.1,47.4,50.3
2016/4/2,36.8,37.2,42.8
2016/4/3,43.1,29.5,39.9
2016/4/4,40.4,33.8,48.7
2016/4/5,36.1,29.7,35.7
2016/4/6,46.3,39.7,49.5
2016/4/7,41.3,40.3,43
2016/4/8,38.9,35.2,36.7
2016/4/9,31.1,31.3,33.6
2016/4/10,39.1,31.1,40.8
2016/4/11,49.3,47.4,51.7
2016/4/12,41.4,40,42.1
2016/4/13,44.7,42.4,46.6
2016/4/14,50.2,45.3,52.4
2016/4/15,55.2,51,57.9
2016/4/16,61,60,64.7
2016/4/17,64.7,62.1,66.5
2016/4/18,68.2,65.4,68.7
2016/4/19,55.9,57.7,69.3
2016/4/20,61.5,55,65.6
2016/4/21,62.8,58.2,61.7
2016/4/22,52.2,57.2,58.5
2016/4/23,49.4,47.8,55.1
2016/4/24,59.6,51.1,59.2
2016/4/25,72.6,60.6,67.5
2016/4/26,54.5,51.3,71.3
2016/4/27,46.4,46.4,57.1
2016/4/28,47.7,46.2,61.2
2016/4/29,46.7,47.1,57.4
2016/4/30,46.6,49.5,54.6
2016/5/1,46.9,49.3,65.8
2016/5/2,49.8,49.7,56.5
2016/5/3,55,52.4,53.6
2016/5/4,52.2,56.7,53.1
2016/5/5,49.5,54.4,48
2016/5/6,61.6,58.4,57
2016/5/7,65.1,61.9,62.9
2016/5/8,57.2,55.3,52.5
2016/5/9,57.2,55.6,56.2
2016/5/10,57.4,53.7,63.6
2016/5/11,60.4,60.4,67.3
2016/5/12,63.4,66.4,67
2016/5/13,59.3,61.6,59
2016/5/14,47.7,50.2,51.1
2016/5/15,47.3,42.2,47.9
2016/5/16,57.1,51.9,49.3
2016/5/17,55.4,57.2,54.1
2016/5/18,54.2,54.6,57.5
2016/5/19,57.5,58.4,59
2016/5/20,60.8,60.7,62.1
2016/5/21,64.5,64.5,61.6
2016/5/22,67.2,64.2,64.9
2016/5/23,68.5,60.7,66.4
2016/5/24,75.7,69.4,69.6
2016/5/25,77.9,76.8,73.6
2016/5/26,73.2,77.5,71.5
2016/5/27,76.1,76.8,72.4
2016/5/28,75.1,80,76.4
2016/5/29,74.9,80,75.2
2016/5/30,75.9,74.2,74.3
2016/5/31,73.4,72,75.6
2016/6/1,69.9,70,74
2016/6/2,72.6,73.2,72.9
2016/6/3,72.7,69.7,72.2
2016/6/4,72.1,72.2,69
2016/6/5,70.5,67.8,69.6
2016/6/6,73,68.5,72.3
2016/6/7,64,61.3,67.5
2016/6/8,61.5,58.7,64.8
2016/6/9,63.9,61.5,69.2
2016/6/10,77.2,70.5,76.1
2016/6/11,85.2,82.1,80.9
2016/6/12,72.8,73.3,81.2
2016/6/13,71.1,62.7,76.4
2016/6/14,77.2,67.5,73.9
2016/6/15,80.6,71,74.7
2016/6/16,75.2,70.4,74.5
2016/6/17,72.5,72.7,73.7
2016/6/18,76.3,75.7,77.1
2016/6/19,80.4,80.2,77.3
2016/6/20,84.6,83.3,81
2016/6/21,77.1,73.3,76.9
2016/6/22,73.3,72.1,71.3
2016/6/23,72.3,70.8,82.1
2016/6/24,73.3,70.6,76.2
2016/6/25,79.5,75.4,77.5
2016/6/26,82.8,80.4,81.8
2016/6/27,81.9,81.5,78.8
2016/6/28,69.3,68.4,75.1
2016/6/29,67.9,64.4,66.6
2016/6/30,72.3,69,70.2
2016/7/1,69.6,70,73.5
2016/7/2,67.9,65.6,64.2
2016/7/3,70.4,70.7,65.3
2016/7/4,71.9,72.1,67.7
2016/7/5,77.2,78.8,75
2016/7/6,79.1,79.2,74.9
2016/7/7,78.4,80.5,74.4
2016/7/8,78.6,78.7,77.3
2016/7/9,74.5,72.8,75.5
2016/7/10,74.2,73.6,71.9
2016/7/11,81.3,77.7,76.5
2016/7/12,82.9,82.5,77.6
2016/7/13,79.1,79.4,77.7
2016/7/14,76.5,79.5,74.6
2016/7/15,72.6,73.4,77.9
2016/7/16,69.3,69.5,71.3
2016/7/17,73.9,71,75
2016/7/18,78.8,82.1,75.9
2016/7/19,79.6,74.7,78.6
2016/7/20,80.7,75,79.5
2016/7/21,82.5,80.8,81.1
2016/7/22,81.1,85.2,81.9
2016/7/23,86,83.8,81.5
2016/7/24,80.4,79.9,83.8
2016/7/25,79.6,84.8,81.2
2016/7/26,80.9,77.7,78.3
2016/7/27,81.5,78.5,78.9
2016/7/28,78.8,76.3,80.4
2016/7/29,75.3,76.8,76.9
2016/7/30,74.2,70.9,76.3
2016/7/31,74.4,72.9,76.6
2016/8/1,76.5,75,77.1
2016/8/2,79.2,78,79.2
2016/8/3,81.8,79.5,80.7
2016/8/4,83.5,81.2,81
2016/8/5,80.1,83.4,79.8
2016/8/6,76.6,76.4,79
2016/8/7,75.6,75.5,76.4
2016/8/8,78.6,72.2,77.4
2016/8/9,79.9,76.8,79.3
2016/8/10,83.1,81.6,79.8
2016/8/11,84.6,84.5,82.3
2016/8/12,81.5,84.6,81.9
2016/8/13,78.4,80.4,78.2
2016/8/14,78.4,77.9,72.6
2016/8/15,75.5,76.1,72.7
2016/8/16,76.4,76.9,75
2016/8/17,79.1,76.2,74.5
2016/8/18,79.1,76.6,75.2
2016/8/19,76.6,78.4,77.1
2016/8/20,75.8,76.8,73.8
2016/8/21,68.5,70.6,71.3
2016/8/22,69.6,67.2,68.5
2016/8/23,73.6,70.8,71.2
2016/8/24,76.9,73.5,74.9
2016/8/25,77.9,77.6,81.3
2016/8/26,74.2,73.5,80
2016/8/27,75.9,72,74.5
2016/8/28,78.5,77.8,79.5
2016/8/29,78.4,73.3,78.6
2016/8/30,78.9,71.4,80.7
2016/8/31,74.6,72.3,76
2016/9/1,70.2,64.8,70.2
2016/9/2,69.8,63.5,67.3
2016/9/3,70.2,62.1,69.1
2016/9/4,72.2,64.3,70.3
2016/9/5,77.6,69.2,74.6
2016/9/6,83.8,78.5,78.3
2016/9/7,85.1,78.9,79.7
2016/9/8,77.3,76.2,78.1
2016/9/9,75.2,72.8,74.8
2016/9/10,70.3,68.7,74.8
2016/9/11,66.8,61.9,65.5
2016/9/12,70.7,61.7,68
2016/9/13,74.4,67,70
2016/9/14,71.6,67.2,73.2
2016/9/15,70.8,60.3,70.9
2016/9/16,74.1,62.4,71.6
2016/9/17,74.8,69.8,71.9
2016/9/18,72,68,72.1
2016/9/19,74.9,66.3,71.1
2016/9/20,77.3,71.4,72.8
2016/9/21,73.1,63,74.6
2016/9/22,75,70.5,74.8
2016/9/23,74,67,76.7
2016/9/24,70.8,59.8,74.1
2016/9/25,74,57.9,74
2016/9/26,67.8,63.1,68
2016/9/27,62.4,56.7,59.4
2016/9/28,57.3,55.7,59.5
2016/9/29,62.7,60.1,58.3
2016/9/30,63.3,58.7,62.3
2016/10/1,62.1,59.4,57.6
2016/10/2,61.9,55.6,59.9
2016/10/3,63.7,59.7,61.4
2016/10/4,66.7,61.3,65.3
2016/10/5,72.2,65.8,70
2016/10/6,67.8,66.7,72.2
2016/10/7,67,69.1,70.4
2016/10/8,54.1,52.8,57.5
2016/10/9,56.7,45.6,57
2016/10/10,59.8,46.3,59.3
2016/10/11,66.5,54.9,62.4
2016/10/12,63.8,59.1,65.4
2016/10/13,49.6,51.6,55.4
2016/10/14,53.9,45.1,53.9
2016/10/15,61.4,54.6,59.5
2016/10/16,69.4,65.6,66.3
2016/10/17,73.6,67.3,71.3
2016/10/18,74.3,72.4,73.7
2016/10/19,62.3,57.1,67.3
2016/10/20,57,56.5,56.5
2016/10/21,49.5,48,52
2016/10/22,48,44.1,47.7
2016/10/23,58,51.5,53.9
2016/10/24,54.3,49.2,57.2
2016/10/25,48.5,40.9,48.5
2016/10/26,48.3,36.6,53.1
2016/10/27,49,41.1,54.9
2016/10/28,51.6,41.2,51.6
2016/10/29,67.1,61.3,64.8
2016/10/30,56.2,50.8,64.8
2016/10/31,50.4,41.4,54.4
2016/11/1,67.1,58.1,63.5
2016/11/2,64.6,60.7,68
2016/11/3,57.8,53.6,64.2
2016/11/4,54.9,46.8,53.5
2016/11/5,56.1,50,49.3
2016/11/6,58.3,49.9,52.5
2016/11/7,57.6,51.2,55.3
2016/11/8,57.1,52,53.4
2016/11/9,51.5,46.3,49.6
2016/11/10,51.3,47.5,45.7
2016/11/11,51.4,47.2,49.6
2016/11/12,45.3,33.6,41.2
2016/11/13,45.7,43.2,40.7
2016/11/14,49,46.6,43.5
2016/11/15,48.2,46.2,49.9
2016/11/16,49.6,46.8,49.1
2016/11/17,58.2,44,55.3
2016/11/18,62.8,61.5,62.7
2016/11/19,38.9,45,41.1
2016/11/20,30.6,31.1,31.1
2016/11/21,32,29.1,31.1
2016/11/22,35.5,27.4,35.2
2016/11/23,40.7,31.1,41
2016/11/24,41.3,39.7,44.5
2016/11/25,39,39.6,38.5
2016/11/26,40,37.7,41
2016/11/27,39.4,37.2,38.1
2016/11/28,46.3,40.7,45.8
2016/11/29,51.5,50.5,53
2016/11/30,42.1,46.6,49.2
2016/12/1,38.9,38.5,37.7
2016/12/2,38.6,37.6,37.3
2016/12/3,34.5,34.9,37.3
2016/12/4,33,35.3,35.8
2016/12/5,33.4,35.2,37.1
2016/12/6,34.2,32.3,38.1
2016/12/7,28.1,34.7,31.4
2016/12/8,22.3,28.5,24.4
2016/12/9,23.8,27.5,22.6
2016/12/10,22,23.4,23.7
2016/12/11,27.6,23.5,30.4
2016/12/12,27,29.5,33
2016/12/13,18.4,23.2,27.9
2016/12/14,11.7,15.7,11.8
2016/12/15,5.8,13.9,9.3
2016/12/16,14.4,10.6,15.6
2016/12/17,23.1,19.8,31.3
2016/12/18,13.4,17.5,20.5
2016/12/19,2.2,10.6,7.7
2016/12/20,21,18.3,19.6
2016/12/21,28.1,25.8,29.1
2016/12/22,35.6,34.2,35.4
2016/12/23,32.2,30.9,32.3
2016/12/24,35.8,34.2,39.9
2016/12/25,34.2,34.2,38.5
2016/12/26,47.4,42.1,55.1
2016/12/27,29.9,32.8,38
2016/12/28,32.7,29.3,33.3
2016/12/29,35,35.8,37.6
2016/12/30,30.9,28.8,32.3
2016/12/31,37.4,33.9,39.1
2017/1/1,29.9,31.9,33.5
2017/1/2,36.1,33.2,42.8
2017/1/3,40.3,37.9,49.4
2017/1/4,19.1,25.4,26.4
2017/1/5,10.9,14.2,16.4
2017/1/6,5.9,8.9,7.5
2017/1/7,8.3,8.7,6.5
2017/1/8,10.9,11.5,11.7
2017/1/9,23.1,19.2,23
2017/1/10,39.8,31.4,40.8
2017/1/11,33.9,35.8,39.2
2017/1/12,28.4,32.9,54.9
2017/1/13,22.9,21.2,28.9
2017/1/14,30.1,21.9,32.1
2017/1/15,28.1,22.7,32
2017/1/16,34.3,26.1,38.7
2017/1/17,36.7,34.4,50.2
2017/1/18,33.6,36.3,37.9
2017/1/19,35.6,35.1,39.3
2017/1/20,38.7,33.8,48.2
2017/1/21,49.6,42,54.1
2017/1/22,43.9,44.1,53.9
2017/1/23,40.7,40,46.1
2017/1/24,38.4,37.3,39.9
2017/1/25,38.9,36.9,42.9
2017/1/26,34.3,36.2,35.2
2017/1/27,29,31.1,30
2017/1/28,27.7,28.3,27.3
2017/1/29,27.6,25.8,28.8
2017/1/30,24.1,20.4,25.3
2017/1/31,38.2,25.8,38.7
2017/2/1,35.9,30.2,38.1
2017/2/2,22,21.7,27.9
2017/2/3,20.7,14,23
2017/2/4,24.1,16.8,22.6
2017/2/5,34,30.5,37.5
2017/2/6,37.3,26.8,39.1
2017/2/7,46,34.9,55.7
2017/2/8,32.2,31.4,38.9
2017/2/9,20.2,18.9,22.4
2017/2/10,26.7,20.4,27
2017/2/11,42.7,37.2,54.4
2017/2/12,41.3,35.3,52
2017/2/13,36.1,33.1,35.9
2017/2/14,41.4,36.8,41.7
2017/2/15,34.4,30.2,38.1
2017/2/16,35.1,26,35.4
2017/2/17,46.4,33.3,50.2
2017/2/18,56.9,49.4,54.1
2017/2/19,51.4,46.1,52.7
2017/2/20,55.1,41.4,51.2
2017/2/21,59.7,46.9,57.2
2017/2/22,57.9,50.3,58.2
2017/2/23,51.6,56.2,60.1
2017/2/24,40.8,42.4,63.2
2017/2/25,30.4,38.9,37
2017/2/26,33.1,28.5,30.7
2017/2/27,42.8,40,44.1
2017/2/28,52,43.3,48.7
2017/3/1,47.3,50.3,54
2017/3/2,32.4,25.2,36.8
2017/3/3,27.8,22.2,30.4
2017/3/4,33.7,20.8,35.3
2017/3/5,42.4,28.8,43.4
2017/3/6,54.6,46.4,53.4
2017/3/7,54.5,54.6,56.1
2017/3/8,46.3,42.8,46.7
2017/3/9,39.3,36,49
2017/3/10,31.8,27.1,39
2017/3/11,24,18,28.1
2017/3/12,27.1,21.7,27.8
2017/3/13,29,21.9,30.9
2017/3/14,26.6,17.9,25.7
2017/3/15,24.1,18.8,24.2
2017/3/16,29.8,26,27.6
2017/3/17,39,29,37.8
2017/3/18,42.4,34.3,41.4
2017/3/19,41.5,37.6,41.6
2017/3/20,47.9,40.5,44.3
2017/3/21,43.3,41.5,50.3
2017/3/22,32.3,26.1,36.2
2017/3/23,37.8,29.5,38.5
2017/3/24,59.9,50.7,60.3
2017/3/25,43.7,41.1,66.1
2017/3/26,53.1,42.7,58.1
2017/3/27,50,51.6,54.7
2017/3/28,43.1,44.4,54.8
2017/3/29,42.3,41.2,51.7
2017/3/30,44.1,37.9,58.8
2017/3/31,39.6,36.9,51.9
2017/4/1,44.2,41.3,43.9
2017/4/2,50.3,47.3,49.7
2017/4/3,49.3,50,59
2017/4/4,48.6,49,56.5
2017/4/5,44.9,41.8,52.1
2017/4/6,42.9,37.4,44.6
2017/4/7,43.8,38.3,42.8
2017/4/8,51.2,44.2,47.6
2017/4/9,64.8,59.6,59.9
2017/4/10,68,66.8,68.2
2017/4/11,47.7,51.4,61
2017/4/12,48.2,46.4,53.9
2017/4/13,50.9,44.3,61.2
2017/4/14,55.4,50,65.2
2017/4/15,70.3,61.9,71.2
2017/4/16,67.8,68.3,68.7
2017/4/17,59.7,53.7,63.3
2017/4/18,58.1,48.8,64.2
2017/4/19,64.5,62.2,70.6
2017/4/20,58.4,52,70.5
2017/4/21,50.6,50.2,55.1
2017/4/22,50.3,46.7,48.9
2017/4/23,54.9,50.7,54.4
2017/4/24,57.7,54.3,60.8
2017/4/25,66.4,57.9,64.5
2017/4/26,71.3,65.2,70
2017/4/27,54.6,65.3,60
2017/4/28,49.6,52.9,52.1
2017/4/29,45.6,51.4,60.8
2017/4/30,45.2,43.9,62.6
2017/5/1,51.7,55,59.3
2017/5/2,46.1,47,51.1
2017/5/3,48.1,46.6,48.4
2017/5/4,48.9,46.7,47.8
2017/5/5,49,45.3,47.8
2017/5/6,50.5,48.7,50.3
2017/5/7,48,46,49.2
2017/5/8,46.6,43.2,50.8
2017/5/9,48.3,48,58.3
2017/5/10,55.4,53.8,65.3
2017/5/11,54.7,54.2,63.8
2017/5/12,59,54,59.3
2017/5/13,63.2,57.7,61.9
2017/5/14,63.3,56.6,68.9
2017/5/15,64.9,55.6,71
2017/5/16,76.9,65.5,73.4
2017/5/17,78.9,76.4,75.9
2017/5/18,75.5,76.9,77.3
2017/5/19,48.3,51.3,71.8
2017/5/20,53.3,53.2,63.7
2017/5/21,62.1,61.2,69.5
2017/5/22,59.1,58.2,58.8
2017/5/23,60.9,61.9,64.3
2017/5/24,57,60.9,61.5
2017/5/25,58.3,57,58.5
2017/5/26,60.8,58.5,63
2017/5/27,63.4,64.1,71
2017/5/28,67,66.5,69.5
2017/5/29,70.1,66.1,68
2017/5/30,66,63.4,68
2017/5/31,64.8,59.3,67.9
2017/6/1,67.1,60.8,67
2017/6/2,71.9,63.9,69.6
2017/6/3,75.2,67.4,74.4
2017/6/4,81,72.1,76
2017/6/5,71.3,63.3,77.6
2017/6/6,64.8,58.3,70.2
2017/6/7,67,61.8,66.1
2017/6/8,70.4,64.6,64.8
2017/6/9,75.6,66.7,69.9
2017/6/10,76.1,71.3,73.1
2017/6/11,82.1,79.2,76.4
2017/6/12,84.7,80.9,79.3
2017/6/13,80.3,78.3,78.9
2017/6/14,77.7,74.1,77.1
2017/6/15,77.2,76.2,72.5
2017/6/16,77.8,73.8,76.5
2017/6/17,80.5,73.4,77.2
2017/6/18,75.6,73.1,75.4
2017/6/19,70.7,67.4,71
2017/6/20,66.6,63.6,71.5
2017/6/21,68.5,62.1,75.4
2017/6/22,79.3,72,77.6
2017/6/23,76.7,72,72.9
2017/6/24,70,67.6,68.6
2017/6/25,65.4,61.8,65.7
2017/6/26,64.7,61.4,64.5
2017/6/27,65.3,60.5,61.9
2017/6/28,69.8,64.2,67.7
2017/6/29,76.2,72.9,76.5
2017/6/30,73.7,75.1,76.8
2017/7/1,76.3,73.1,73.8
2017/7/2,75.4,70.4,74.2
2017/7/3,75.2,70.7,77.3
2017/7/4,74.5,68.6,79
2017/7/5,78.3,70.7,77.3
2017/7/6,82.2,74,76.3
2017/7/7,81.5,74.8,76.6
2017/7/8,71.5,68.2,70.4
2017/7/9,74.7,68.6,72.1
2017/7/10,78.2,69.1,76.5
2017/7/11,78.2,74.1,74.7
2017/7/12,77.3,75,77.9
2017/7/13,78.4,76.2,77.4
2017/7/14,72.2,71.8,77.1
2017/7/15,71,68.8,70.2
2017/7/16,73.1,68.7,74
2017/7/17,69.2,67,77.1
2017/7/18,76,71.8,79.2
2017/7/19,80.5,76.6,78.8
2017/7/20,77.3,76.8,80.1
2017/7/21,81.5,76.5,81.4
2017/7/22,78,75.4,81.1
2017/7/23,80.3,72.1,76.6
2017/7/24,71.5,67.5,75.3
2017/7/25,73.1,65.2,72.4
2017/7/26,76.6,69.2,73.5
2017/7/27,78.6,72.7,77
2017/7/28,74.2,69,76.3
2017/7/29,72.7,67.1,70.7
2017/7/30,73.5,69,72.4
2017/7/31,76.8,71,75.5
2017/8/1,77.9,73.2,76.2
2017/8/2,77.2,74.3,74
2017/8/3,76.8,69.4,75.9
2017/8/4,62.9,66.3,69.9
2017/8/5,67.7,63.2,64.5
2017/8/6,71.9,64.1,68.3
2017/8/7,70.5,64.9,70.8
2017/8/8,70.4,65.1,70.7
2017/8/9,74.6,69.8,71.7
2017/8/10,75.6,70.2,73.9
2017/8/11,74,71,74.6
2017/8/12,69.4,66.6,71.5
2017/8/13,69.3,64.9,69.9
2017/8/14,74,70.4,74.5
2017/8/15,76.5,70.7,76.1
2017/8/16,77.1,70.7,79.3
2017/8/17,78.3,73.2,79.5
2017/8/18,75.1,70.5,75.9
2017/8/19,74.8,68.3,76
2017/8/20,77.2,69.3,78.9
2017/8/21,79.5,75.5,78.5
2017/8/22,75.2,74.1,75.1
2017/8/23,69.5,63.1,68.9
2017/8/24,67.7,58.2,68.3
2017/8/25,64.4,57.7,67.3
2017/8/26,68.6,60.4,67.9
2017/8/27,70.3,63.5,70.1
2017/8/28,70.6,63.8,71.6
2017/8/29,70,65.8,70.5
2017/8/30,70.3,66.6,72.5
2017/8/31,70.1,66.1,71.1
2017/9/1,64.5,55.2,63.9
2017/9/2,64,57,63.3
2017/9/3,68.4,62.1,68.7
2017/9/4,73.5,68.5,73.1
2017/9/5,64.1,59.2,69.8
2017/9/6,58.4,54.6,58.4
2017/9/7,60.6,53.9,56.7
2017/9/8,63.5,53.8,62.3
2017/9/9,64.5,52.2,66.2
2017/9/10,62.5,53.2,62
2017/9/11,64,58,62
2017/9/12,67,59.7,64.5
2017/9/13,67.6,62.7,64.7
2017/9/14,67.9,65.6,65.7
2017/9/15,74.9,67.1,67.9
2017/9/16,77.8,67.9,72.7
2017/9/17,78.4,71,75.7
2017/9/18,69.2,69.7,74.4
2017/9/19,70.3,62.5,72.3
2017/9/20,76.7,69.6,75
2017/9/21,84,75,79.6
2017/9/22,85.2,75.7,80.8
2017/9/23,84.4,77.8,79.3
2017/9/24,82.3,75.6,78.8
2017/9/25,81.1,75.3,77.1
2017/9/26,82,75.7,78.9
2017/9/27,70.8,71,74.3
2017/9/28,62.9,57.9,64
2017/9/29,64.3,57.1,63.1
2017/9/30,61.8,53,60.1
2017/10/1,61.5,52.3,59.8
2017/10/2,70.5,58.1,65.4
2017/10/3,72.2,65.4,69.8
2017/10/4,70.7,73.3,70.7
2017/10/5,65.9,58,68.1
2017/10/6,65.2,58.2,69.4
2017/10/7,70.5,68.5,72.8
2017/10/8,65.5,67.3,63.1
2017/10/9,67.5,64.9,64.9
2017/10/10,63.9,59.4,66
2017/10/11,59.5,54.1,61.9
2017/10/12,58.1,52.1,59.2
2017/10/13,62.1,59.3,62.1
2017/10/14,64.6,60.1,68.2
2017/10/15,60.9,61.1,65.7
2017/10/16,52.3,47.3,52.6
2017/10/17,57.4,53.5,52.8
2017/10/18,60,58.1,54.8
2017/10/19,61.1,59.4,59.5
2017/10/20,64.7,54.3,61.9
2017/10/21,68.6,63,62.8
2017/10/22,66,65.2,65.6
2017/10/23,53.1,64.4,62.6
2017/10/24,47.8,50.1,47.5
2017/10/25,44.8,43.5,42.8
2017/10/26,48.2,39.1,45.1
2017/10/27,45.3,46.8,47
2017/10/28,38.7,40.2,37.2
2017/10/29,40,40.4,37.1
2017/10/30,45,39.5,37.5
2017/10/31,37.8,37.9,37.4
2017/11/1,39.8,36.9,37.9
2017/11/2,47.6,46.3,58
2017/11/3,45.9,45.9,56.6
2017/11/4,46,39.3,49.8
2017/11/5,51.5,52.7,65.1
2017/11/6,41.7,43.9,51.2
2017/11/7,43.4,37.6,46.2
2017/11/8,37.8,33.2,44
2017/11/9,39,35.8,41.5
2017/11/10,24.9,21.6,32.1
2017/11/11,30.1,24.7,30.5
2017/11/12,39,34.4,37.4
2017/11/13,37.9,36.6,39.6
2017/11/14,40.8,36.9,39.7
2017/11/15,47.9,40.8,43.2
2017/11/16,36.2,39.6,37.5
2017/11/17,39.5,35.1,37.8
2017/11/18,43.7,42,54.6
2017/11/19,35,34.1,35.7
2017/11/20,39.2,34.9,33.6
2017/11/21,42.1,42.2,44.3
2017/11/22,29.2,31.4,31.4
2017/11/23,37.2,31.5,34.3
2017/11/24,44.8,41,40.7
2017/11/25,48.8,46.6,49.8
2017/11/26,38.9,33.1,39.1
2017/11/27,46.3,37.5,44.9
2017/11/28,55.8,50,53.4
2017/11/29,44.3,42.7,50.4
2017/11/30,47.3,38.4,47.1
2017/12/1,42.2,35.3,39.8
2017/12/2,44.2,38.9,42.5
2017/12/3,44.6,37.9,42.6
2017/12/4,57.1,43.2,50.2
2017/12/5,41.3,47.6,46.7
2017/12/6,31.7,30.4,32.9
2017/12/7,25.6,27,29
2017/12/8,25.2,25.1,21.6
2017/12/9,30,26.8,25.9
2017/12/10,26.9,24.2,26.8
2017/12/11,31.5,23.1,31.8
2017/12/12,25.2,21.5,31.1
2017/12/13,27.9,15.9,26
2017/12/14,25.2,13.6,30.6
2017/12/15,26.8,19.1,26.7
2017/12/16,39.5,23,37.1
2017/12/17,38.8,24.4,39.8
2017/12/18,43.7,35,42.3
2017/12/19,44.2,40.1,43.5
2017/12/20,35.1,30.7,38.8
2017/12/21,36.1,28.5,37.3
2017/12/22,38.7,31.4,49.1
2017/12/23,32.8,31.7,36
2017/12/24,22.4,21.6,30
2017/12/25,17,16.5,19.9
2017/12/26,3.6,3,13.4
2017/12/27,2.3,-0.6,4.2
2017/12/28,7.2,-3.9,9.3
2017/12/29,12.7,10.7,17.3
2017/12/30,9.7,11.7,14.6
2017/12/31,5.5,2.6,4.4
2018/1/1,-0.5,3.5,-1.9
2018/1/2,-2.8,12.2,-4.2
2018/1/3,12.2,8.1,10.9
2018/1/4,8.3,9.7,7.1
2018/1/5,5.3,-3,1.1
2018/1/6,6.7,0.2,2
2018/1/7,17.7,8.4,16.5
2018/1/8,34,32.2,34.4
2018/1/9,30.5,27.1,31.5
2018/1/10,38.6,31.5,41.6
2018/1/11,56.6,51.2,55.5
2018/1/12,24.3,34.5,33.5
2018/1/13,14,11.2,17.9
2018/1/14,13.2,4.2,9.8
2018/1/15,19,15.9,19.6
2018/1/16,14.4,14.5,2.8
2018/1/17,14.3,12.1,7.3
2018/1/18,22.6,21.3,16.5
2018/1/19,32.6,28.7,27.4
2018/1/20,39.7,36.7,37.3
2018/1/21,41.8,35.4,43.4
2018/1/22,48.9,40.4,50.3
2018/1/23,36,39.4,38
2018/1/24,29.4,25.2,29.7
2018/1/25,32.9,26.5,30.7
2018/1/26,43.4,35,41.7
2018/1/27,48.5,47.9,47.4
2018/1/28,36.3,34.9,37.5
2018/1/29,28.4,25.5,32.4
2018/1/30,22.2,16.2,25.5
2018/1/31,35.8,26.8,35.7
2018/2/1,28.8,30.1,36.5
2018/2/2,11.8,11.9,15.4
2018/2/3,27.6,18.2,24.3
2018/2/4,26.7,26.7,34.6
2018/2/5,6.6,11.5,14.2
2018/2/6,13.4,14.4,23
2018/2/7,18.4,15.8,23.2
2018/2/8,14.4,8,19.4
2018/2/9,24.8,17.2,36.2
2018/2/10,21,18.5,33.1
2018/2/11,22.4,19.9,28.3
2018/2/12,16.9,17,23.6
2018/2/13,24.5,12.4,30
2018/2/14,34,30.1,41.8
2018/2/15,41.5,40.8,57.7
2018/2/16,36.2,31.8,45.1
2018/2/17,25.4,24.6,31.1
2018/2/18,29,30.6,34.5
2018/2/19,44.5,35.7,51.4
2018/2/20,59.3,54.1,67
2018/2/21,32.8,42.1,49.5
2018/2/22,34.6,31.5,39.3
2018/2/23,40.7,36.5,48.6
2018/2/24,37.7,36.4,45.1
2018/2/25,41.6,39.6,46.6
2018/2/26,41.9,38.3,41.5
2018/2/27,50.1,45.1,46.9
2018/2/28,51.8,51.1,54.1
2018/3/1,39.5,36.2,51.1
2018/3/2,37.4,33,38.2
2018/3/3,38.1,31.8,38.2
2018/3/4,38.6,30.5,39.1
2018/3/5,37.9,29.5,38
2018/3/6,36.1,31.4,40.8
2018/3/7,31.7,30.1,33.6
2018/3/8,28.8,24.5,27.9
2018/3/9,30.1,28,30.3
2018/3/10,33.4,28.2,36.9
2018/3/11,35.1,25.8,36.1
2018/3/12,36.9,25.8,33.3
2018/3/13,31.8,27.2,32.9
2018/3/14,31.7,26.1,28.6
2018/3/15,39.9,31.3,40.4
2018/3/16,32.6,24.9,35.6
2018/3/17,36.7,30.3,37
2018/3/18,40.8,36.8,38.5
2018/3/19,41.5,34.8,46.3
2018/3/20,33.8,28,36.6
2018/3/21,34.3,29.9,35.6
2018/3/22,35.3,31.1,35
2018/3/23,36.7,31,38.8
2018/3/24,36.8,28.7,35.6
2018/3/25,34.6,28.1,33.7
2018/3/26,41.4,36.3,39.7
2018/3/27,49.9,44.7,51.1
2018/3/28,45.7,41.9,49.6
2018/3/29,45.4,41.3,51.2
2018/3/30,39.6,36.5,44
2018/3/31,46,39.1,44.8
2018/4/1,33.8,32,41.7
2018/4/2,33.1,30.4,34.8
2018/4/3,40.2,36.7,50.4
2018/4/4,32.8,31.3,38
2018/4/5,32.3,29.5,34.2
2018/4/6,35.6,32.9,44.9
2018/4/7,29.2,24.7,32.2
2018/4/8,31.9,27.2,32.7
2018/4/9,34.5,30.7,36
2018/4/10,37.1,34.7,37
2018/4/11,48.5,41,43.9
2018/4/12,59.5,51,63.3
2018/4/13,45.8,45,70.1
2018/4/14,40.4,35.6,66
2018/4/15,36.7,30.2,52.7
2018/4/16,31.3,33.1,34.7
2018/4/17,35,30.7,36.3
2018/4/18,35.1,33.8,45.3
2018/4/19,41.1,38.2,43.1
2018/4/20,46.8,41.2,45.4
2018/4/21,47.2,44.7,51.2
2018/4/22,51,47.1,55.1
2018/4/23,51.9,52.6,54.3
2018/4/24,55.8,58.3,53.7
2018/4/25,49,50.1,54.8
2018/4/26,49.3,45.5,50.9
2018/4/27,51.9,49,55.9
2018/4/28,43.9,42.8,51.2
2018/4/29,44.5,41,45.1
2018/4/30,57.9,51.4,56.4
2018/5/1,71.7,67.8,65.6
2018/5/2,77.2,73.6,72.6
2018/5/3,65.4,64.6,72.8
2018/5/4,67.9,63.2,70
2018/5/5,70.7,63.9,64
2018/5/6,63.5,59.5,65.8
2018/5/7,60.3,52.4,63
2018/5/8,69.8,61.7,64.6
2018/5/9,71.1,66.3,67.7
2018/5/10,66.1,63.4,71.2
2018/5/11,53.5,45.1,72.1
2018/5/12,49.1,45.2,75.8
2018/5/13,54.4,54.7,75.5
2018/5/14,63.8,61.3,77.8
2018/5/15,64,66,76.9
2018/5/16,62.6,61.8,71.9
2018/5/17,65.2,64.6,72.7
2018/5/18,58.4,59,70.2
2018/5/19,61.1,63.7,71
2018/5/20,51.5,57.7,73.5
2018/5/21,54.8,54.7,72.9
2018/5/22,60,55.5,72.4
2018/5/23,63.7,61.6,70.8
2018/5/24,71.8,66.4,72.9
2018/5/25,78.5,72.9,75.6
2018/5/26,78.3,74,77.2
2018/5/27,83.4,73.5,78.8
2018/5/28,84.1,76.3,81.5
2018/5/29,77.7,78.2,81.5
2018/5/30,77.5,75.6,77.4
2018/5/31,77.7,76.8,76.2
2018/6/1,71.1,73.2,76.2
2018/6/2,60.9,58.4,75.6
2018/6/3,67.5,63.9,76.5
2018/6/4,68,62.5,68.7
2018/6/5,67.2,59.8,71.8
2018/6/6,63.5,57.3,68.8
2018/6/7,73.8,68.6,75.5
2018/6/8,65.6,69.1,80
2018/6/9,66.5,63.8,76.7
2018/6/10,65.5,62.4,68.1
2018/6/11,64.1,67.1,69.3
2018/6/12,70.6,66.4,72.4
2018/6/13,75.1,72.3,76.1
2018/6/14,72.9,68.6,71.8
2018/6/15,76.6,68.1,76.8
2018/6/16,82.2,71.8,81.8
2018/6/17,86.3,79.1,83.5
2018/6/18,86.7,82.4,83.7
2018/6/19,73.3,70.7,82.7
2018/6/20,70.4,66.4,76.6
2018/6/21,66.5,66.8,74.6
2018/6/22,63.2,65.6,70.3
2018/6/23,68.3,67.9,69.5
2018/6/24,73.7,67.4,73.1
2018/6/25,70.1,64.9,73.3
2018/6/26,74.9,64,71.1
2018/6/27,73.3,68.5,74.2
2018/6/28,76.1,72.7,77
2018/6/29,83.5,76.8,80.1
2018/6/30,87.3,83.4,82.4
2018/7/1,84.9,83,83.7
2018/7/2,77.2,80.5,81.7
2018/7/3,78.5,75.7,81.4
2018/7/4,83.9,80.4,81.7
2018/7/5,80.3,83,81.9
2018/7/6,74.8,73,76.4
2018/7/7,71.7,66.1,72.1
2018/7/8,75.6,69.9,74.5
2018/7/9,80.1,75.2,81.5
2018/7/10,82.2,76.3,81.6
2018/7/11,78.3,70.8,78.4
2018/7/12,79.3,69.4,77.3
2018/7/13,82.1,76,78.6
2018/7/14,78.3,76.2,81.7
2018/7/15,81,78.3,80.8
2018/7/16,83,80.9,79.3
2018/7/17,77,70.1,80.3
2018/7/18,72.6,67.8,74.4
2018/7/19,76.7,70.3,77.3
2018/7/20,75.7,71.1,78.2
2018/7/21,71.5,71.1,71.9
2018/7/22,71.6,68.1,72.6
2018/7/23,73.6,68.4,70.4
2018/7/24,75.7,72.6,73.4
2018/7/25,79.1,73.2,77.3
2018/7/26,77.5,71.8,75.4
2018/7/27,71.1,66.7,71.1
2018/7/28,71.9,65.6,71.4
2018/7/29,72.4,67.9,71.5
2018/7/30,72.5,68.9,67.5
2018/7/31,74.3,68.5,67.9
2018/8/1,73.7,68.5,68.9
2018/8/2,77.7,70.6,73.5
2018/8/3,77.1,74.3,75.8
2018/8/4,83.2,73,79.4
2018/8/5,84.5,81.3,80.6
2018/8/6,79.3,76.8,80.8
2018/8/7,76.5,74.1,76.8
2018/8/8,74.6,74,76.4
2018/8/9,78.5,71.5,75.8
2018/8/10,77.8,72.1,77
2018/8/11,78.4,69.7,75.1
2018/8/12,79.9,73.1,76
2018/8/13,77.9,72,76.4
2018/8/14,80.5,72.5,76.8
2018/8/15,80.2,74.8,74
2018/8/16,77.3,73,72.6
2018/8/17,75.7,72.5,74.4
2018/8/18,76.7,71.6,74.5
2018/8/19,76.5,71,76.2
2018/8/20,75.8,71.4,76.2
2018/8/21,73.1,71.3,73.8
2018/8/22,71.1,66.5,69.8
2018/8/23,70.9,64.8,67.6
2018/8/24,69.2,67.5,67.1
2018/8/25,72.9,70.5,72.5
2018/8/26,83.5,73.9,80.8
2018/8/27,86.2,75.6,80.9
2018/8/28,83.1,78.3,81.5
2018/8/29,72.2,72.6,78.9
2018/8/30,68.5,64.2,73.2
2018/8/31,72.4,66.3,73.7
2018/9/1,76.9,71.8,75.9
2018/9/2,82.3,75.8,79.1
2018/9/3,78.6,78.4,81.7
2018/9/4,79.9,76.8,82.3
2018/9/5,83.1,80.5,82.2
2018/9/6,70.6,69.5,77.9
2018/9/7,68.9,61.9,72.3
2018/9/8,67.1,60.8,64.6
2018/9/9,65,57.1,59.6
2018/9/10,66.6,58.5,60.3
2018/9/11,67.5,62.5,65.5
2018/9/12,68.5,63.8,65.9
2018/9/13,66.9,64.6,70.3
2018/9/14,70.6,70.1,75.6
2018/9/15,70.3,71.2,76.1
2018/9/16,74.9,71.9,78.4
2018/9/17,79.1,74.9,78.5
2018/9/18,75.3,71.3,78.5
2018/9/19,71.1,68,78.3
2018/9/20,78.1,65.6,80.2
2018/9/21,78.4,74.1,79
2018/9/22,60.3,56.7,62.6
2018/9/23,61.2,54.8,62.8
2018/9/24,65.1,56.4,66.1
2018/9/25,73.2,68.8,72.2
2018/9/26,61.5,64.1,67.4
2018/9/27,59,51.3,58.9
2018/9/28,58.2,53.5,58.1
2018/9/29,51.2,48.6,57.2
2018/9/30,59.3,46.8,64.9
2018/10/1,62.5,50.9,69.4
2018/10/2,64.1,56.2,73.8
2018/10/3,71.3,61,74.2
2018/10/4,66.2,67.4,73.8
2018/10/5,58.3,46.5,67.3
2018/10/6,64.9,61.8,76
2018/10/7,59.2,56.4,74.6
2018/10/8,70.9,63.5,76.5
2018/10/9,77.3,74.1,76.1
2018/10/10,72.9,70.5,71.1
2018/10/11,51.3,57.4,56.5
2018/10/12,40.2,43.2,43.3
2018/10/13,41.6,42.7,42.1
2018/10/14,47.9,46,48.5
2018/10/15,44.5,46.6,49.6
2018/10/16,44,40.5,42.2
2018/10/17,47.6,44.1,46.4
2018/10/18,45.5,37.8,44.4
2018/10/19,49.1,46.6,45.6
2018/10/20,47.4,46.4,51.3
2018/10/21,38.1,36.9,38.2
2018/10/22,47.8,43.6,46.2
2018/10/23,48.6,44.1,50.4
2018/10/24,44.3,38.3,44.3
2018/10/25,44.9,36,45.6
2018/10/26,48.9,42.7,47
2018/10/27,49.8,43.3,46.6
2018/10/28,47.7,39.9,49.3
2018/10/29,46.9,42.9,48.7
2018/10/30,53.5,42,52.8
2018/10/31,55,51.4,59.7
2018/11/1,50.7,44.5,46.6
2018/11/2,45.2,40.8,43.4
2018/11/3,43,39.9,42.5
2018/11/4,49,39,50.9
2018/11/5,48.3,48.2,50.3
2018/11/6,48.3,48.1,52.6
2018/11/7,38.5,40.5,44.2
2018/11/8,35.9,36.8,36.7
2018/11/9,35,34.2,38
2018/11/10,25.3,28.8,26.8
2018/11/11,33,30.5,31
2018/11/12,34.5,35,37.4
2018/11/13,25.2,29.7,31.5
2018/11/14,25.8,23.9,25.4
2018/11/15,32.1,26.9,31.6
2018/11/16,34.2,31.9,32.8
2018/11/17,34.8,33.8,36.8
2018/11/18,34.4,30.5,40.2
2018/11/19,28.4,30.4,37.4
2018/11/20,32.3,28.7,35
2018/11/21,32.6,30,32
2018/11/22,33.9,21,35.3
2018/11/23,40.8,33,39.1
2018/11/24,45.4,43.2,47.9
2018/11/25,39.5,40.2,46.2
2018/11/26,31.3,33,39.4
2018/11/27,24,27.9,24.3
2018/11/28,22.1,26,21.9
2018/11/29,31,25.9,33.1
2018/11/30,36.2,31.3,42.8
2018/12/1,38.5,30,46.4
2018/12/2,43.4,44,52.2
2018/12/3,34.8,34.8,38.1
2018/12/4,30.8,28.3,32.4
2018/12/5,28.3,26.1,28.5
2018/12/6,30.7,29,30.4
2018/12/7,21.5,26.4,25.1
2018/12/8,24.5,23.2,21.9
2018/12/9,25.1,20,24.3
2018/12/10,24,24.5,22
2018/12/11,30.5,28.5,26.3
2018/12/12,36,29,38.5
2018/12/13,34.3,32.8,38.3
2018/12/14,40.6,34.5,45.3
2018/12/15,38.5,32.1,43.6
2018/12/16,36.9,31.8,41.8
2018/12/17,35.6,32,35.9
2018/12/18,30.5,28.6,32.9
2018/12/19,40.1,34.4,37.2
2018/12/20,45.4,38.9,45.6
2018/12/21,36.9,38.7,40.6
2018/12/22,31.3,29.5,33.2
2018/12/23,34.4,31,34.1
2018/12/24,30.3,30.9,31
2018/12/25,35.7,27.6,37
2018/12/26,36.7,32.5,35.8
2018/12/27,43.8,35.1,40.9
2018/12/28,43.2,47.6,48
2018/12/29,29.5,29.2,31.3
2018/12/30,27,28.4,30.6
2018/12/31,36.4,32.4,42.8
2019/1/1,32.6,31.9,41.4
2019/1/2,29.5,25.1,36.3
2019/1/3,30.8,30.6,32.9
2019/1/4,37.9,36.4,36
2019/1/5,39.8,33,39.9
2019/1/6,40.2,34.9,41.1
2019/1/7,45.6,32.3,47.5
2019/1/8,42.8,42.5,52.1
2019/1/9,23.8,27.7,29
2019/1/10,19.4,22.1,21.6
2019/1/11,26.7,20.6,26.6
2019/1/12,30.3,27,29.9
2019/1/13,30.3,24.4,29.7
2019/1/14,26.2,20.1,22.2
2019/1/15,26.4,27.5,25.3
2019/1/16,32.4,26.9,32.1
2019/1/17,31.5,21.7,33.6
2019/1/18,31.5,27.1,33.8
2019/1/19,27.6,20.1,32.7
2019/1/20,14.8,6.7,15.3
2019/1/21,10.9,-2,8.6
2019/1/22,20.3,11.4,21.6
2019/1/23,31.4,33.9,41.4
2019/1/24,17.9,27.4,24.4
2019/1/25,2.8,16.4,14.4
2019/1/26,4.6,6.9,23.2
2019/1/27,5.5,12.7,21.4
2019/1/28,20.4,8.6,28.7
2019/1/29,6.4,13.9,14.9
2019/1/30,-13.5,-1.8,0.3
2019/1/31,-12.5,-8.2,0.6
2019/2/1,9.2,1.2,17.6
2019/2/2,26.6,21.8,27.5
2019/2/3,41,43.5,45.4
2019/2/4,47.3,48.8,48.6
2019/2/5,30.8,36,38
2019/2/6,34.5,29.5,44.8
2019/2/7,35.9,32.5,48
2019/2/8,11.5,23.7,21.6
2019/2/9,13.5,13.9,17.2
2019/2/10,24.9,19.6,25.2
2019/2/11,29.6,24.4,34.4
2019/2/12,31.6,28.2,38.1
2019/2/13,20.6,26.2,26.8
2019/2/14,36.8,27,39.3
2019/2/15,23.7,30.7,34.8
2019/2/16,22.2,21.5,25.9
2019/2/17,26.7,21.7,27.4
2019/2/18,26.8,20.7,29.8
2019/2/19,24.1,11.4,27.2
2019/2/20,31.6,23.2,34.2
2019/2/21,31.9,34.2,36.6
2019/2/22,30.4,27.5,34.5
2019/2/23,35.6,30.8,40.5
2019/2/24,36.3,38.2,45
2019/2/25,15.6,18.8,26.1
2019/2/26,21.5,15.6,32.7
2019/2/27,26.3,17.2,35
2019/2/28,20.1,12.7,30
2019/3/1,28.6,21.3,32.6
2019/3/2,30.8,29,36.6
2019/3/3,23.8,19.8,29.7
2019/3/4,6.6,10.3,11.7
2019/3/5,13.2,10.5,12.6
2019/3/6,18.1,12.8,17.5
2019/3/7,24.2,18.3,27.2
2019/3/8,29.4,20.5,32.4
2019/3/9,35,27.2,36.6
2019/3/10,37.9,36.8,43.3
2019/3/11,33.3,32,37.8
2019/3/12,36.3,30.1,37.3
2019/3/13,47.1,38.6,50.8
2019/3/14,56.2,50.7,59.8
2019/3/15,38.6,41.6,42.9
2019/3/16,35.5,31.7,34.9
2019/3/17,36,27.8,36.9
2019/3/18,36.1,32.5,35.9
2019/3/19,39.8,34.3,37.7
2019/3/20,42.5,37.3,41.4
2019/3/21,40.4,37.7,41.6
2019/3/22,40.6,36.8,41.1
2019/3/23,37.9,31.6,37.5
2019/3/24,46,41.8,45.5
2019/3/25,37.6,35.5,45.6
2019/3/26,36.1,32.4,38.5
2019/3/27,42.8,38.5,42.7
2019/3/28,53.5,52.4,52.9
2019/3/29,47.5,45.7,55.6
2019/3/30,40.2,38.5,51.3
2019/3/31,31.9,28.2,31.2
2019/4/1,36.5,30.4,33.8
2019/4/2,44.9,42.8,44.2
2019/4/3,47,43.2,48.1
2019/4/4,46.7,37.9,54.6
2019/4/5,45,38.7,51.6
2019/4/6,52.3,50.3,55.8
2019/4/7,59.4,55.3,59.1
2019/4/8,62.7,60.2,64.1
2019/4/9,60.9,54.3,60.2
2019/4/10,41.6,41,54.7
2019/4/11,45.6,37,58.6
2019/4/12,50.6,49.1,62.1
2019/4/13,44.3,45.3,51.3
2019/4/14,37.1,36.4,45.4
2019/4/15,39.9,39,40.3
2019/4/16,57.8,42.6,55.9
2019/4/17,57.9,47.5,64.1
2019/4/18,58.6,59.4,64.6
2019/4/19,44.5,42,45
2019/4/20,50.6,40.9,42.9
2019/4/21,59.6,48.3,48.7
2019/4/22,68.4,59.2,61
2019/4/23,59.1,58.4,63.5
2019/4/24,53.9,48,52.4
2019/4/25,57.7,55,56.8
2019/4/26,56.5,53.4,56.6
2019/4/27,42.9,43.3,50.4
2019/4/28,41.5,45.2,47.5
2019/4/29,46.8,40.8,54.1
2019/4/30,46.1,43.5,57.6
2019/5/1,52.9,52.4,68.7
2019/5/2,45.8,50.7,61.4
2019/5/3,48.6,46.8,60
2019/5/4,50.9,51.4,55.7
2019/5/5,58.8,55.6,56.6
2019/5/6,60.7,57.3,63.1
2019/5/7,47.4,48.3,65.3
2019/5/8,53.7,48.4,64
2019/5/9,63.2,61,71.9
2019/5/10,50.1,53.8,53.3
2019/5/11,48.1,46.5,50.6
2019/5/12,47.2,48,46.8
2019/5/13,50.4,48.1,49.4
2019/5/14,55.7,52.2,54.7
2019/5/15,63.6,59.7,60.3
2019/5/16,67,61.4,63.2
2019/5/17,57.5,64.5,70.2
2019/5/18,58,58.8,74.7
2019/5/19,66.1,67.6,71.8
2019/5/20,54.1,55.5,58.7
2019/5/21,49.5,51.1,51.6
2019/5/22,63.9,57,62.2
2019/5/23,72.1,68.8,72.6
2019/5/24,64.5,58.6,74.2
2019/5/25,76.4,67.5,77.5
2019/5/26,70.9,67.5,74.2
2019/5/27,62.7,62.6,72.4
2019/5/28,65.7,60.8,78.3
2019/5/29,60,57.4,72.7
2019/5/30,66.9,60.7,69.1
2019/5/31,71.4,65,68.8
2019/6/1,71.4,68.2,70.8
2019/6/2,60.9,62.5,70.9
2019/6/3,58.9,54.2,64.3
2019/6/4,67,62.2,69.3
2019/6/5,75.5,70.4,73.1
2019/6/6,66.4,62.6,73.2
2019/6/7,67.3,68.3,74.1
2019/6/8,68.6,69.4,72.9
2019/6/9,69.7,68.4,70.7
2019/6/10,68.3,67.2,68.8
2019/6/11,69.9,62.3,65.4
2019/6/12,69.5,67.3,67.4
2019/6/13,59,59.1,59.9
2019/6/14,66,59.4,60.6
2019/6/15,67.4,67.8,64.5
2019/6/16,59.9,59.6,71.7
2019/6/17,59.8,62.2,70.8
2019/6/18,65.1,69,72.6
2019/6/19,67.4,69.1,74.1
2019/6/20,60.4,63.5,68.6
2019/6/21,63,63.6,66.4
2019/6/22,69.1,66,69
2019/6/23,74.2,67.4,70.2
2019/6/24,73.2,71.6,70.8
2019/6/25,74,71.6,72.1
2019/6/26,79.3,74.8,76.5
2019/6/27,77.9,74.4,78.6
2019/6/28,78.5,77.4,78.9
2019/6/29,80.4,78.5,80.6
2019/6/30,78.4,75,82.5
2019/7/1,79.2,75.9,77.5
2019/7/2,84.9,79.8,82.3
2019/7/3,77.3,76.5,78.5
2019/7/4,78.8,76.7,76.7
2019/7/5,82.8,81.1,80.5
2019/7/6,80.1,78.9,78.7
2019/7/7,72,73.4,79.1
2019/7/8,73.3,67.8,78.2
2019/7/9,76.8,70.4,77.3
2019/7/10,85,75.9,82
2019/7/11,78.7,80,79.8
2019/7/12,74.1,68.9,74.9
2019/7/13,82.4,76.4,77.1
2019/7/14,80.2,73.8,80.2
2019/7/15,82.3,73.8,81.1
2019/7/16,77.6,77,78
2019/7/17,81.6,78.3,79.1
2019/7/18,79.2,77.4,82.7
2019/7/19,86.5,83.9,84.7
2019/7/20,86,82.6,83.5
2019/7/21,75.7,75.3,83.4
2019/7/22,71.9,71.5,72.8
2019/7/23,70.8,66.3,69.6
2019/7/24,71.7,67.1,70.2
2019/7/25,74.3,71.2,72
2019/7/26,76.7,74,74.8
2019/7/27,80.2,77.5,76
2019/7/28,81.5,80.2,78.3
2019/7/29,77.5,77.8,76.9
2019/7/30,73.3,74.4,75.9
2019/7/31,70.3,70.9,74.2
2019/8/1,71,68.2,72.6
2019/8/2,74.2,69.4,77.2
2019/8/3,76.5,71.2,75.8
2019/8/4,79.4,74.2,77.3
2019/8/5,80.1,74.6,79.3
2019/8/6,77.1,74.7,78
2019/8/7,77.8,72.6,77.3
2019/8/8,80.2,73.7,76.8
2019/8/9,73.8,68.9,74.3
2019/8/10,75,68.2,73.9
2019/8/11,75.7,69.7,75.2
2019/8/12,77.3,76.8,75.7
2019/8/13,76.1,77.7,76.4
2019/8/14,73.8,72.1,76.9
2019/8/15,71.5,67.3,73.6
2019/8/16,73.2,68.7,73.4
2019/8/17,74.7,75.9,73.7
2019/8/18,75.1,75.5,79.4
2019/8/19,77.8,74.4,76.2
2019/8/20,75.9,77,78.7
2019/8/21,74,74.9,73.4
2019/8/22,74.3,70.6,74.2
2019/8/23,70.6,64,72.3
2019/8/24,69.4,62.4,68
2019/8/25,70,64.8,69.7
2019/8/26,72.2,65.7,71.5
2019/8/27,72.9,72.8,73.7
2019/8/28,69.6,68.1,69.8
2019/8/29,71.5,68,68.4
2019/8/30,70.8,68.3,73.5
2019/8/31,68.3,62.5,69
2019/9/1,67.4,62.7,69.8
2019/9/2,71.3,68.9,71.9
2019/9/3,73.1,70.2,73
2019/9/4,68.4,68.2,74.6
2019/9/5,64.8,62.9,66.9
2019/9/6,68.4,62.9,68
2019/9/7,68.1,66.4,67.7
2019/9/8,66.1,62.6,68
2019/9/9,67.5,60.2,71.8
2019/9/10,79.4,69.5,77.9
2019/9/11,81.6,76.2,80.3
2019/9/12,74.2,67.1,80
2019/9/13,75.1,69.9,81.2
2019/9/14,68.4,67,70.9
2019/9/15,71.6,65.6,70.7
2019/9/16,72.2,70.4,77.3
2019/9/17,70.3,67,74.5
2019/9/18,72.6,66.5,73.7
2019/9/19,74.3,67.6,74.2
2019/9/20,76,69.3,76.3
2019/9/21,76.6,73,76.7
2019/9/22,73.2,77.3,77.2
2019/9/23,68.8,70.7,72.8
2019/9/24,68.1,64,65
2019/9/25,70.8,68.7,68.4
2019/9/26,66.8,65.4,68.8
2019/9/27,64.7,59.1,67.8
2019/9/28,63.6,65.1,77.2
2019/9/29,64.1,55.1,74.1
2019/9/30,73.9,62.5,78.3
2019/10/1,79.7,73.4,79.1
2019/10/2,68.3,63.1,79.7
2019/10/3,63.1,56.7,75.3
2019/10/4,54.1,53.5,60.6
2019/10/5,56,49.9,59.8
2019/10/6,60.3,60.4,62.6
2019/10/7,60.1,58.6,61.2
2019/10/8,59.8,53,59.4
2019/10/9,61.7,55.4,61.2
2019/10/10,62.9,56.4,64.4
2019/10/11,60,62.5,66.7
2019/10/12,44.2,47.8,43.3
2019/10/13,48.1,49,50.1
2019/10/14,46.5,47,51.3
2019/10/15,52.3,44.5,55.2
2019/10/16,49.5,51,51.5
2019/10/17,47,47.5,47.4
2019/10/18,49.2,45.1,48.2
2019/10/19,56.3,47.1,53.1
2019/10/20,56.7,55.4,60.4
2019/10/21,58.3,55.1,59.8
2019/10/22,50.8,54.5,53.8
2019/10/23,49.2,50.2,49.7
2019/10/24,48.6,49.3,54
2019/10/25,46.9,44.7,51
2019/10/26,44.9,39.7,51.5
2019/10/27,50.3,54.3,55.2
2019/10/28,48.8,49.6,51.8
2019/10/29,42.3,51.2,53.6
2019/10/30,38.5,42.7,46.7
2019/10/31,36,44.8,42
2019/11/1,33.1,36.6,33.7
2019/11/2,39.5,41,38.6
2019/11/3,40.4,38.5,39.6
2019/11/4,48.6,47.2,48.3
2019/11/5,39.1,42.4,45.9
2019/11/6,40.9,32.1,41.5
2019/11/7,30.2,32.5,40.5
2019/11/8,24.6,27.7,26.2
2019/11/9,34.8,32.4,33.3
2019/11/10,42.1,39.9,46.6
2019/11/11,30.5,30.8,42.4
2019/11/12,14.9,19.2,17.5
2019/11/13,17.3,14.2,16
2019/11/14,28.4,26.7,31.4
2019/11/15,28.5,31.9,32.8
2019/11/16,34.7,26.7,36.5
2019/11/17,34.2,27.1,34.5
2019/11/18,37.9,38.5,36.8
2019/11/19,38.3,33.9,38.4
2019/11/20,42.5,40,42.3
2019/11/21,47.8,43.3,45.3
2019/11/22,37.2,38.7,42.6
2019/11/23,32.4,30.4,32.8
2019/11/24,39.4,36,36.7
2019/11/25,45.5,43.7,43.2
2019/11/26,42.1,44.2,47.5
2019/11/27,45.8,47.2,48.2
2019/11/28,35.2,36,35.9
2019/11/29,37.2,33.9,37.7
2019/11/30,38.5,34.5,38.9
2019/12/1,40.5,34.2,41.3
2019/12/2,33.3,32.9,34.5
2019/12/3,33.5,31.4,32.8
2019/12/4,37.6,35.4,37.6
2019/12/5,36.8,34,37.6
2019/12/6,39.2,37.3,44
2019/12/7,32,28.7,32
2019/12/8,39.9,37.5,37.9
2019/12/9,47.2,48.2,51
2019/12/10,23.2,34.3,30.1
2019/12/11,19.2,22,22.4
2019/12/12,30.1,22,29.6
2019/12/13,39.7,36.5,35.8
2019/12/14,34.2,33.7,39.6
2019/12/15,24.8,30.9,29.4
2019/12/16,27.8,28.2,30.1
2019/12/17,26.6,28.1,29.5
2019/12/18,21.3,21.5,21.9
2019/12/19,24.3,18.8,19.2
2019/12/20,31.3,30,30.5
2019/12/21,39,35.8,35.5
2019/12/22,40.4,41,36.1
2019/12/23,42.8,43.5,39.6
2019/12/24,40.8,31.4,39.5
2019/12/25,48.8,40.1,44.7
2019/12/26,56.3,46.8,54.7
2019/12/27,38.3,47.2,48.6
2019/12/28,36,36,42.9
2019/12/29,54.3,42.2,57
2019/12/30,39,44.1,43
2019/12/31,27.7,31.5,33.6
2020/1/1,30.6,30.2,36.7
2020/1/2,42.4,40.3,44.8
2020/1/3,39.6,41,46.4
2020/1/4,33.2,34.6,37.2
2020/1/5,32.3,31.6,33.7
2020/1/6,34.2,36.7,35.9
2020/1/7,34.9,34.4,35.8
2020/1/8,24.7,26.1,31.8
2020/1/9,34.2,24.9,35.9
2020/1/10,46.5,47.9,50.8
2020/1/11,36.3,41.7,55.7
2020/1/12,28.5,26,35.5
2020/1/13,32.6,30.6,38.4
2020/1/14,36.6,35.3,38.2
2020/1/15,33.5,36.6,38.2
2020/1/16,26.1,32.5,34.1
2020/1/17,22.1,23.6,24.7
2020/1/18,30.9,30,35.2
2020/1/19,10.2,24.5,15.9
2020/1/20,23,13.8,17.8
2020/1/21,23.6,21.1,26
2020/1/22,28.2,25.4,24.6
2020/1/23,32.5,33.2,36.1
2020/1/24,36.1,36.2,39.3
2020/1/25,34.1,36.9,34.5
2020/1/26,32.2,35.1,32.5
2020/1/27,31.1,34.4,30.4
2020/1/28,32.8,33.7,31.8
2020/1/29,31.7,30.7,32.5
2020/1/30,32.7,30.5,33.3
2020/1/31,33.6,31.7,34.8
2020/2/1,34.8,30,36.9
2020/2/2,41.7,38.3,43.3
2020/2/3,39.5,41.1,49
2020/2/4,36.3,35.6,52.1
2020/2/5,30,26.9,33.4
2020/2/6,28.6,26.2,28.7
2020/2/7,29.7,28.4,27.9
2020/2/8,30.7,23.8,30.1
2020/2/9,29.9,26.8,29.1
2020/2/10,32,33.2,36.6
2020/2/11,30.5,30.1,34.4
2020/2/12,29.5,28.6,32.3
2020/2/13,24.5,26.6,29.8
2020/2/14,6.3,8.4,10.9
2020/2/15,18.6,17.7,22.7
2020/2/16,29.7,33.9,40.2
2020/2/17,34.1,27.3,36.6
2020/2/18,36.7,34.9,42.7
2020/2/19,25.1,25.8,30.7
2020/2/20,19.7,18.4,27.8
2020/2/21,21.9,20.8,23.1
2020/2/22,35.7,32.4,31.5
2020/2/23,42.1,41.4,39.8
2020/2/24,41.4,41.8,41.8
2020/2/25,37.7,37.4,40.7
2020/2/26,31.2,30,33.2
2020/2/27,27.1,22.4,28.2
2020/2/28,23.6,21.8,27.8
2020/2/29,25.3,24.9,25
2020/3/1,40.1,31.6,38
2020/3/2,45.4,46.9,51.2
2020/3/3,39.2,40,48.4
2020/3/4,41.6,39,44.6
2020/3/5,42.1,35.3,43.2
2020/3/6,36.1,36.1,37.7
2020/3/7,35,31.2,32.8
2020/3/8,49.8,46.4,44.6
2020/3/9,54.1,56.3,56.1
2020/3/10,43.9,48.5,50.5
2020/3/11,38.5,38.7,41.5
2020/3/12,44.6,43.8,48.4
2020/3/13,43.4,44.3,47.3
2020/3/14,38.7,34,38.4
2020/3/15,35.3,34.5,36.6
2020/3/16,36,32.9,41.6
2020/3/17,40.6,41.9,44.1
2020/3/18,41.3,38.9,44
2020/3/19,45.3,42.1,52.5
2020/3/20,48.1,49.1,58.5
2020/3/21,30.5,29.6,32.8
2020/3/22,30.7,28.8,32.7
2020/3/23,35.6,34.9,38.5
2020/3/24,38.6,37.9,41.9
2020/3/25,43,43,43.3
2020/3/26,47.8,50.4,53.7
2020/3/27,42.4,43.3,55
2020/3/28,49.3,46.1,63.5
2020/3/29,52.2,52,60.5
2020/3/30,45,43.3,51.4
2020/3/31,39.6,40.7,42.6
2020/4/1,42.9,43.1,43.8
2020/4/2,44,45.9,48
2020/4/3,54.2,46.6,55.8
2020/4/4,47.4,46.4,54.7
2020/4/5,42,44.7,47.2
2020/4/6,48.1,46.6,52.3
2020/4/7,64.8,53.6,66.4
2020/4/8,59.1,58.6,70.3
2020/4/9,46,45.7,50.7
2020/4/10,40.5,38.3,39.3
2020/4/11,50.6,42.9,49
2020/4/12,55.7,53.3,53.8
2020/4/13,44.8,50.6,47
2020/4/14,35.8,36.4,38.5
2020/4/15,33.5,32.4,37.4
2020/4/16,37,33.4,35.4
2020/4/17,37.6,35.5,42.4
2020/4/18,43.4,41,41.3
2020/4/19,51.3,52.8,48.7
2020/4/20,48.9,42.9,51.5
2020/4/21,46.8,42,51.6
2020/4/22,46.3,32.8,51.7
2020/4/23,51.4,37.7,56.1
2020/4/24,44.6,44.9,55.9
2020/4/25,44.3,47,58.2
2020/4/26,50.1,53.7,51.1
2020/4/27,53.3,50.3,52.2
2020/4/28,62.3,58.6,63.8
2020/4/29,56.6,60.3,60.6
2020/4/30,45.8,55.7,46.9
2020/5/1,51.6,52.8,51
2020/5/2,66,62.2,65.3
2020/5/3,66.2,64.7,66
2020/5/4,47.3,50.1,55.6
2020/5/5,44.9,46,52.4
2020/5/6,49,47.9,47.4
2020/5/7,55.4,51.8,53.5
2020/5/8,43.3,41.9,52.2
2020/5/9,43.1,39.1,41.4
2020/5/10,48.7,48.8,50.3
2020/5/11,42.9,41.5,42.8
2020/5/12,49.6,44.9,48.1
2020/5/13,54.6,46,52.1
2020/5/14,60.7,53.3,60.2
2020/5/15,66.8,65.6,68.4
2020/5/16,60.2,62,68.4
2020/5/17,59.5,57.4,69.9
2020/5/18,61.3,58.1,62.5
2020/5/19,55.1,59.8,62
2020/5/20,58.9,62.2,56.5
2020/5/21,60.8,62.5,57.2
2020/5/22,61.6,65.2,62.9
2020/5/23,65.7,66.9,69
2020/5/24,74.8,73.1,72.2
2020/5/25,78.2,77.2,74
2020/5/26,78.7,76.1,76
2020/5/27,79.1,78.6,74
2020/5/28,74.6,74,71.3
2020/5/29,67.9,68.7,68.1
2020/5/30,63,62.9,65.4
2020/5/31,58.6,55.2,64.1
2020/6/1,63.4,60.7,63.5
2020/6/2,78.1,73.7,72.5
2020/6/3,77.8,77.6,77.3
2020/6/4,77.5,75.6,74.2
2020/6/5,79.7,76.1,76.3
2020/6/6,74.1,75.4,78.6
2020/6/7,67.5,67.9,73.4
2020/6/8,76,69.1,75.9
2020/6/9,81,77.8,77.7
2020/6/10,76.7,82.8,79.7
2020/6/11,69.4,70.3,69.4
2020/6/12,70.2,64.1,72.2
2020/6/13,60,59.1,69.9
2020/6/14,62.2,59.6,66
2020/6/15,64.2,63.6,66.1
2020/6/16,70.3,69.7,72.3
2020/6/17,75.4,72.8,75.1
2020/6/18,77.7,74,75.8
2020/6/19,81,78.6,78.2
2020/6/20,81.9,80.6,79.8
2020/6/21,75.1,79,74.4
2020/6/22,75.6,77.5,72.5
2020/6/23,69.3,73,72
2020/6/24,69.5,67.4,70.8
2020/6/25,73,69.5,72.5
2020/6/26,75.3,73.7,76.5
2020/6/27,77.8,77.3,74.9
2020/6/28,77.2,77.4,74.3
2020/6/29,79.7,77.5,78
2020/6/30,78.8,79,77.4
2020/7/1,80.4,79.6,78.8
2020/7/2,81,80.4,81.1
2020/7/3,80.3,82.7,81
2020/7/4,81.3,83.7,81.7
2020/7/5,82.2,80.2,80.9
2020/7/6,85.1,84.6,82
2020/7/7,86.1,82,79.7
2020/7/8,82.1,77.9,80.7
2020/7/9,84.1,79.4,80.4
2020/7/10,79,75,79.3
2020/7/11,78,73.1,76.4
2020/7/12,75.1,70.5,71.7
2020/7/13,72.8,69.2,72.8
2020/7/14,76.4,70.4,75.5
2020/7/15,79,75.7,77.6
2020/7/16,73.7,72.4,76
2020/7/17,77.6,72.6,76.9
2020/7/18,82.5,76.4,80.4
2020/7/19,80.1,77.4,80.3
2020/7/20,76.8,73.6,75
2020/7/21,75.7,70.9,78.3
2020/7/22,77,74.9,75.3
2020/7/23,74.7,73.8,78.4
2020/7/24,75.1,69.7,76.2
2020/7/25,79.6,72,76.9
2020/7/26,84.6,78.3,80
2020/7/27,79.3,79.9,80
2020/7/28,78.3,72.4,76.7
2020/7/29,79.8,73.6,77.5
2020/7/30,78.4,70.1,74.3
2020/7/31,74.9,69.1,72.8
2020/8/1,74.5,69.4,70.2
2020/8/2,71.8,68.9,70.7
2020/8/3,68.1,69,70.3
2020/8/4,66.9,62.7,68.8
2020/8/5,66.9,62.1,65.8
2020/8/6,72.3,63,68.6
2020/8/7,73.7,64.7,70.5
2020/8/8,76.8,68.3,72.6
2020/8/9,81,76,76.4
2020/8/10,79.5,78.8,77
2020/8/11,73.6,75.4,72.9
2020/8/12,74.6,69.5,75.1
2020/8/13,77.3,71,76.6
2020/8/14,79.3,73.1,78
2020/8/15,78.9,74,77.8
2020/8/16,74.5,72.7,76.5
2020/8/17,76.1,67.5,74.2
2020/8/18,74,65.7,70.9
2020/8/19,71.5,63.4,69.1
2020/8/20,73.9,67,71
2020/8/21,76.5,72.8,71.9
2020/8/22,78,72.2,75
2020/8/23,79.1,74.4,75.6
2020/8/24,83.2,75.1,78.5
2020/8/25,83.4,76.8,81
2020/8/26,83,70.3,80.4
2020/8/27,84.5,78.6,77.8
2020/8/28,84.5,72.5,79.5
2020/8/29,79.3,70.8,76.7
2020/8/30,72.2,63.2,69.7
2020/8/31,74,65.7,71.3
2020/9/1,72.7,70.2,73.9
2020/9/2,76,70.8,74.3
2020/9/3,76.5,68.1,75.4
2020/9/4,69,61.8,70.5
2020/9/5,72.8,60.6,67.4
2020/9/6,69.4,57.9,69.5
2020/9/7,74.7,70.9,75.1
2020/9/8,64.4,57.5,78.1
2020/9/9,63,57.8,77.3
2020/9/10,62.6,58.6,72
2020/9/11,63.6,57.3,69.4
2020/9/12,67.7,60.9,71.9
2020/9/13,67.5,67.4,74.1
2020/9/14,65.7,58.2,67.8
2020/9/15,67.6,55.9,65.7
2020/9/16,70.6,63.4,64.4
2020/9/17,67.8,60.5,66.1
2020/9/18,59.4,50.3,60.4
2020/9/19,55,45.5,55.8
2020/9/20,60.2,50.1,60
2020/9/21,64,53.6,61.8
2020/9/22,66.4,57.8,63.2
2020/9/23,68.4,60.8,62.7
2020/9/24,67.7,63.6,65.3
2020/9/25,70.5,61.7,66.8
2020/9/26,69,66.8,66.1
2020/9/27,71.2,68.5,67.8
2020/9/28,56.6,57.8,62.2
2020/9/29,53.5,53.7,53.3
2020/9/30,57.8,52,56.7
2020/10/1,52.9,48.8,54.1
2020/10/2,49.2,45.9,49.6
2020/10/3,50.3,47.9,53.3
2020/10/4,49.1,50,52.9
2020/10/5,49.4,47.4,47.1
2020/10/6,59.6,56.7,56.5
2020/10/7,67.2,63.4,66.5
2020/10/8,59.5,53.3,64.5
2020/10/9,63.9,54.3,66.8
2020/10/10,68.3,70.4,69
2020/10/11,61.8,56.8,67.8
2020/10/12,62.2,57.2,66.5
2020/10/13,56.3,55.7,54.2
2020/10/14,60.5,52.3,60.1
2020/10/15,57.6,57.6,58.3
2020/10/16,45.3,42.7,44.5
2020/10/17,50.2,43.8,47.8
2020/10/18,52.5,53.1,56.8
2020/10/19,43,44.2,48.8
2020/10/20,46.6,44.9,48
2020/10/21,50.8,52.9,58.2
2020/10/22,57.5,49.7,65.4
2020/10/23,60.5,65.7,67.2
2020/10/24,41.5,42.5,46.5
2020/10/25,44.6,41.2,47.3
2020/10/26,39,44.2,46.1
2020/10/27,35.8,40,44.8
2020/10/28,39.9,43.1,47
2020/10/29,45,43.8,47.8
2020/10/30,37.3,37.7,42.3
2020/10/31,42.7,39.1,42.3
2020/11/1,43.9,43.6,46.3
2020/11/2,37.1,37.7,35.3
2020/11/3,51.2,47.8,46.7
2020/11/4,59.9,59.8,56.4
2020/11/5,63,61.8,58.5
2020/11/6,60.8,59.4,56.4
2020/11/7,62.2,62.7,57.4
2020/11/8,64.7,60.5,63
2020/11/9,69.4,65.3,64.2
2020/11/10,70.1,70.4,69.4
2020/11/11,43.8,54.1,51.4
2020/11/12,42.6,39.5,39.9
2020/11/13,41,41.3,42.7
2020/11/14,35.8,35.2,36.4
2020/11/15,46,46.6,50.2
2020/11/16,38,40.1,42.7
2020/11/17,38,35.2,40.6
2020/11/18,41.6,33,38.4
2020/11/19,53.5,49.9,51
2020/11/20,58,59.1,58.5
2020/11/21,44,42.5,49
2020/11/22,42.2,35.5,41.1
2020/11/23,40.3,37.8,40.1
2020/11/24,37.8,30.2,42.5
2020/11/25,45.1,42.1,48.1
2020/11/26,43.9,46.4,48.3
2020/11/27,40.8,43.6,46.6
2020/11/28,37.5,37.7,38.6
2020/11/29,42.3,43,39.3
2020/11/30,34.8,38,37.1
2020/12/1,29.5,30.9,30
2020/12/2,32.9,35.6,28.7
2020/12/3,36.3,38.5,32.6
2020/12/4,38.1,40.7,38.8
2020/12/5,35,34.7,33.6
2020/12/6,35.3,29.6,31.6
2020/12/7,35.7,31.9,32.2
2020/12/8,35.4,29.7,34.8
2020/12/9,39.3,38.8,39.6
2020/12/10,42.7,36.1,43
2020/12/11,43,40.4,50.8
2020/12/12,40.5,44.7,51
2020/12/13,32.7,34.2,38.5
2020/12/14,30.3,33.2,33.3
2020/12/15,26.8,25.5,27.9
2020/12/16,30.7,27.9,29.8
2020/12/17,33.7,29.4,29.9
2020/12/18,30.5,30,29.8
2020/12/19,38.7,33.9,36.5
2020/12/20,36.8,37.4,37.9
2020/12/21,38.3,36.3,39
2020/12/22,37.5,36.4,38.5
2020/12/23,46.9,42.1,41
2020/12/24,23.1,37.9,30.9
2020/12/25,14.4,22.9,12.8
2020/12/26,23.9,25.6,21.1
2020/12/27,33,30.5,34.7
2020/12/28,33.2,36.3,36.1
2020/12/29,24.9,27.3,27.3
2020/12/30,32.6,33.8,38.5
2020/12/31,26.2,31.7,27.8
2021/1/1,29.7,26.1,31.5
2021/1/2,33.6,33.7,35.5
2021/1/3,33,34.2,33.7
2021/1/4,27.6,33.8,33.4
2021/1/5,31.6,32.3,33.1
2021/1/6,33.8,35.2,34.2
2021/1/7,37,35,35.3
2021/1/8,35.2,30.5,32.1
2021/1/9,32.8,25.3,27.5
2021/1/10,28.9,24.4,26.2
2021/1/11,25.7,29.4,25.5
2021/1/12,30.9,29.1,28.7
2021/1/13,34.8,35.6,34.9
2021/1/14,37.2,39,38.7
2021/1/15,35.5,38.3,37.6
2021/1/16,32.9,31.1,29.4
2021/1/17,32.3,34.5,32
2021/1/18,28.8,31.8,29.5
2021/1/19,25.3,29.6,30.4
2021/1/20,23.9,22.8,30.3
2021/1/21,35.3,33.5,37.1
2021/1/22,23.6,29,31
2021/1/23,19,21.1,20.8
2021/1/24,30.4,24.2,29.4
2021/1/25,32.4,25.9,31.3
2021/1/26,31.3,30.6,34.4
2021/1/27,26.6,21.1,30
2021/1/28,18.8,19.2,24
2021/1/29,23.6,18.8,24.7
2021/1/30,31,14.4,29.4
2021/1/31,30.7,27.2,34.2
2021/2/1,31,26.3,29.1
2021/2/2,26.8,24.2,26
2021/2/3,26.6,21.2,27.4
2021/2/4,32.6,23.5,30.5
2021/2/5,18.1,25.8,27.3
2021/2/6,9.7,17.4,20.9
2021/2/7,2.6,12,11
2021/2/8,6.7,9.3,15.2
2021/2/9,10.9,14.5,22.4
2021/2/10,11.8,10.1,20.6
2021/2/11,14.6,14.2,19.8
2021/2/12,17.2,18.8,21.4
2021/2/13,9.7,17.7,22.8
2021/2/14,1.2,12.9,12.5
2021/2/15,5.3,12.1,12.8
2021/2/16,12.8,13.2,12.7
2021/2/17,15.2,3.4,10.6
2021/2/18,20.2,17,20.1
2021/2/19,16.5,22.5,15.9
2021/2/20,16.9,20.8,20.7
2021/2/21,26.2,18.2,27.2
2021/2/22,32.8,33.6,36.7
2021/2/23,40.2,37.3,41.4
2021/2/24,41.5,40.9,45.7
2021/2/25,33.4,30.8,35.6
2021/2/26,34,30.5,35.6
2021/2/27,40.4,38.3,44.4
2021/2/28,42.8,40.9,52.3
2021/3/1,32.5,36.6,39.6
2021/3/2,30.5,25.3,31.3
2021/3/3,44.3,39.7,41.3
2021/3/4,35.6,32.9,42.2
2021/3/5,35.4,28.6,35
2021/3/6,36.1,31.7,36.6
2021/3/7,37.4,28.2,37.8
2021/3/8,52.1,43.6,47
2021/3/9,54.8,44.6,53.2
2021/3/10,60.3,53.2,59.6
2021/3/11,56.4,62.8,62.4
2021/3/12,45,45.1,49.2
2021/3/13,44.1,35.8,46.3
2021/3/14,44.4,41.6,44.9
2021/3/15,35.4,31.2,39.1
2021/3/16,34.7,36.9,40.1
2021/3/17,36.3,38.6,47.7
2021/3/18,39.3,41.4,48.4
2021/3/19,39.1,37.6,38.6
2021/3/20,42.6,39.7,41.3
2021/3/21,51.2,47.6,50
2021/3/22,56.5,54.9,54.7
2021/3/23,57.8,60.4,56.6
2021/3/24,56.5,61.4,62
2021/3/25,48.3,56.1,53.5
2021/3/26,39.1,45,51.2
2021/3/27,48,45.9,55.1
2021/3/28,47.6,49.8,50
2021/3/29,44.5,40.4,41.9
2021/3/30,57.3,56.3,55.6
2021/3/31,42.4,49.5,47.6
2021/4/1,33.7,36.1,33.8
2021/4/2,37.2,36.4,33.3
2021/4/3,52.2,45.5,46.3
2021/4/4,60.9,52.4,57
2021/4/5,67.3,55.3,63
2021/4/6,70.1,59.3,65.3
2021/4/7,71.2,68.7,66.3
2021/4/8,63.9,66.6,62.8
2021/4/9,55.7,63.6,61.9
2021/4/10,53,60.8,62.1
2021/4/11,50.9,58.8,49.5
2021/4/12,54.9,53.8,54.3
2021/4/13,50.1,53.5,55
2021/4/14,45,44.1,54.1
2021/4/15,44.9,40.3,46
2021/4/16,45.6,42.9,48.6
2021/4/17,45.3,45.8,51.5
2021/4/18,49.9,49.9,50.5
2021/4/19,49.8,50.2,53.2
2021/4/20,39.8,37.1,41.8
2021/4/21,39.2,34.9,34.5
2021/4/22,43.2,35.6,41.2
2021/4/23,52.9,46.8,46.8
2021/4/24,54.7,50.2,51.7
2021/4/25,45.9,46.2,50.1
2021/4/26,54.8,40.6,55.8
2021/4/27,73.6,59.4,70.4
2021/4/28,53.2,63.8,70.3
2021/4/29,51.9,49.5,63.8
2021/4/30,52.1,48.6,56.8
2021/5/1,57.1,46.2,53.7
2021/5/2,73.4,71.5,65.9
2021/5/3,63.8,63,61.7
2021/5/4,55.5,58.2,62.1
2021/5/5,51.1,48.1,53.7
2021/5/6,50.3,44.1,51.3
2021/5/7,49.7,44.2,49.2
2021/5/8,45.3,44.4,47.6
2021/5/9,45.5,46,47.6
2021/5/10,46.2,43.8,47.1
2021/5/11,47.3,44.2,51.9
2021/5/12,49.9,49.1,50.3
2021/5/13,55.2,51.6,55
2021/5/14,60.9,54.2,58.2
2021/5/15,58.4,57.5,60.2
2021/5/16,62.6,58.7,62.3
2021/5/17,63.8,61.9,61.5
2021/5/18,65.5,64.8,64.6
2021/5/19,68.5,69.1,69.5
2021/5/20,74.8,74,73.5
2021/5/21,77.1,75.7,74.4
2021/5/22,77.6,73.3,72.6
2021/5/23,75.7,72.9,72.7
2021/5/24,71.1,61.3,76.4
2021/5/25,79.2,75.5,75.5
2021/5/26,73.7,71.2,73.5
2021/5/27,58.6,54.9,70.7
2021/5/28,48.9,44.6,64.6
2021/5/29,52,49.5,51.8
2021/5/30,56.1,53,56.7
2021/5/31,63.1,59.2,60.7
2021/6/1,63.7,63.5,65.6
2021/6/2,67.9,62.8,64.1
2021/6/3,71.2,66.3,67.3
2021/6/4,80.3,73.4,71.9
2021/6/5,80.4,77.3,73.4
2021/6/6,81,79,74
2021/6/7,76.9,77,73.3
2021/6/8,77.9,75.6,74.7
2021/6/9,79.3,76.9,73.2
2021/6/10,78.6,76.7,75.1
2021/6/11,81.6,76.6,78.6
2021/6/12,81,70.3,81
2021/6/13,78.4,74.7,78.9
2021/6/14,75.6,67.5,75.6
2021/6/15,71.4,65.1,70.6
2021/6/16,69.5,61.4,69.8
2021/6/17,73.3,66.2,73
2021/6/18,81.8,72.7,79
2021/6/19,80.3,69.2,74.3
2021/6/20,74.8,70.1,79
2021/6/21,70.8,68,74.9
2021/6/22,64.9,53.3,63.8
2021/6/23,70.1,58,65.4
2021/6/24,72,69.1,70.6
2021/6/25,72.6,70.6,73.4
2021/6/26,75.3,73.4,78.6
2021/6/27,77.4,76.4,78.3
2021/6/28,73.3,75.3,79
2021/6/29,77.1,75.5,81.8
2021/6/30,76.8,77,76.6
2021/7/1,72.6,71.3,74.4
2021/7/2,67,65.6,67.9
2021/7/3,71.8,67.3,67.2
2021/7/4,80.3,76.2,74.2
2021/7/5,82.4,79.4,78.3
2021/7/6,83.7,81.2,79.6
2021/7/7,81.6,74.4,79.7
2021/7/8,67.8,69.9,74.9
2021/7/9,67.6,65.8,67.6
2021/7/10,69.9,65.8,68.4
2021/7/11,68.5,66.4,71.3
2021/7/12,70.1,67.7,74.5
2021/7/13,72.8,72.6,74.4
2021/7/14,77,74.1,74.8
2021/7/15,76.6,76.2,78.3
2021/7/16,71,69.7,72.3
2021/7/17,71.8,71.2,71.8
2021/7/18,74.9,71,75
2021/7/19,75.6,73.2,75.4
2021/7/20,77.3,74.3,75.5
2021/7/21,71.2,68.6,74
2021/7/22,74,63.5,73.8
2021/7/23,82,68.6,76.1
2021/7/24,83.2,74.6,78
2021/7/25,82,77,78.5
2021/7/26,82.3,74.9,81.1
2021/7/27,81.2,74.2,79.5
2021/7/28,82.1,73.9,78.9
2021/7/29,81.1,77.6,79.7
2021/7/30,71.4,68.8,76
2021/7/31,71.4,64.5,68.5
2021/8/1,72.9,66.1,68
2021/8/2,69.9,64,67.5
2021/8/3,72.7,66.6,70.6
2021/8/4,75,69.6,71.6
2021/8/5,77.2,71.7,73.6
2021/8/6,77.5,73.5,74.1
2021/8/7,76.9,72,77.1
2021/8/8,82.4,75.7,77.9
2021/8/9,75.3,77.4,75.6
2021/8/10,83.2,76.9,80.8
2021/8/11,79.3,77,82.6
2021/8/12,80.5,76.4,82.8
2021/8/13,76,76.7,75.3
2021/8/14,73.9,68.4,76.4
2021/8/15,71.8,66.2,71.8
2021/8/16,73,66.4,74.2
2021/8/17,75.5,71.2,75.8
2021/8/18,78.7,74.7,78.2
2021/8/19,79.2,75.5,76.7
2021/8/20,80.5,76,76.9
2021/8/21,80.8,76.1,78
2021/8/22,77.8,77.5,81
2021/8/23,77.3,74.4,82.1
2021/8/24,84,74.7,82.6
2021/8/25,80,76.9,78.3
2021/8/26,78.3,80.3,79.2
2021/8/27,82,75.9,78.9
2021/8/28,84.2,79.6,78.8
2021/8/29,82.7,76.8,81
2021/8/30,77.8,74.5,76.7
2021/8/31,76.3,67.8,72.1
2021/9/1,74.6,67.8,73.5
2021/9/2,70.7,63.8,69.1
2021/9/3,71.2,61.1,69.8
2021/9/4,70.9,66.3,68
2021/9/5,71.6,69.8,71.9
2021/9/6,72.7,64.8,70.2
2021/9/7,74.6,64.3,74.9
2021/9/8,70.1,68,72.8
2021/9/9,68.3,60.9,67.4
2021/9/10,70,59.8,67.4
2021/9/11,75.2,68.1,71.1
2021/9/12,79.5,72.4,76.8
2021/9/13,76.9,65.1,75
2021/9/14,79.2,71.9,77.9
2021/9/15,69.6,67.1,70.9
2021/9/16,70.8,64.8,68.7
2021/9/17,76.3,69.2,74.4
2021/9/18,73.8,68.4,77.6
2021/9/19,75.5,63.7,76.2
2021/9/20,77.6,69.8,72.6
2021/9/21,69.3,70.9,71.1
2021/9/22,60.8,56.5,57.9
2021/9/23,59.6,53.4,56.9
2021/9/24,64,57.1,57.9
2021/9/25,62.9,60,62.5
2021/9/26,67.8,57.9,59.9
2021/9/27,74.3,69.5,69.8
2021/9/28,67,62.6,73
2021/9/29,68.7,59.9,71.4
2021/9/30,70,59.1,70.2
2021/10/1,72.3,60.6,68.4
2021/10/2,73.6,65.8,65.6
2021/10/3,71,68.6,69.8
2021/10/4,68.3,67.7,65.1
2021/10/5,66.9,65.7,66.9
2021/10/6,66.6,61.7,68
2021/10/7,69.2,65.4,67.8
2021/10/8,68.8,68.3,67.3
2021/10/9,70,66.5,69.2
2021/10/10,75.3,68.2,73
2021/10/11,73.7,72.6,72.2
2021/10/12,63.3,69.6,64.1
2021/10/13,61.9,66.1,62.1
2021/10/14,67.5,69.3,72.2
2021/10/15,59.5,60,67
2021/10/16,53.1,54.8,54.4
2021/10/17,54.4,52.5,50.8
2021/10/18,58,51.6,54.3
2021/10/19,61.9,54.1,56.5
2021/10/20,61.9,60,58.3
2021/10/21,57.2,61.2,60.3
2021/10/22,50.1,45,51.4
2021/10/23,48.9,45,50.1
2021/10/24,47.9,42,54.1
2021/10/25,50.7,47.4,58.4
2021/10/26,50.8,45,49.2
2021/10/27,47.9,47.1,46.5
2021/10/28,52.3,54.1,50.1
2021/10/29,54.5,52.9,55.5
2021/10/30,54,50.3,53.7
2021/10/31,48.7,49.5,51.7
2021/11/1,42,42.3,42.5
2021/11/2,40.4,40.2,39.9
2021/11/3,38,35.7,37.1
2021/11/4,38.6,36.9,39.1
2021/11/5,42.2,37,40.1
2021/11/6,46.1,41.6,42.3
2021/11/7,52.5,49.9,46.2
2021/11/8,55.9,54.3,52
2021/11/9,54.7,49.8,52.8
2021/11/10,49.2,40.7,53.5
2021/11/11,53.5,51.6,53.3
2021/11/12,40.8,44.6,43.1
2021/11/13,37.8,37.6,36.2
2021/11/14,36.3,35.9,34.8
2021/11/15,33.4,35,32.9
2021/11/16,39,35.2,40.1
2021/11/17,55.8,49.7,58.4
2021/11/18,37.2,41.2,43.4
2021/11/19,33.6,34.6,33.7
2021/11/20,40.5,34.4,36.5
2021/11/21,44.5,36,43.5
2021/11/22,31.8,32.6,33.7
2021/11/23,32.6,26.9,28.9
2021/11/24,43.1,38.5,39.4
2021/11/25,44.2,44.1,47.7
2021/11/26,25.2,29.4,28.6
2021/11/27,33.9,27.5,34.8
2021/11/28,34.7,30.4,36.6
2021/11/29,33.2,29.8,31.2
2021/11/30,41.7,32.3,41.1
2021/12/1,41.9,33.5,39.3
2021/12/2,51.2,44.5,50
2021/12/3,46.4,34,46.5
2021/12/4,39,36.6,41.8
2021/12/5,38.1,32.2,39
2021/12/6,35.4,37.4,44.4
2021/12/7,17.9,21.8,22.2
2021/12/8,28.1,22.9,29.4
2021/12/9,35.5,26.3,36.2
2021/12/10,41.9,38.4,49.8
2021/12/11,46.6,46.8,51.1
2021/12/12,38.4,36.6,35.4
2021/12/13,42,42,39.3
2021/12/14,43.3,35.2,44.2
2021/12/15,58.2,46.4,54.7
2021/12/16,53.3,57.1,57.6
2021/12/17,35.3,34.6,34.7
2021/12/18,39.6,31.4,39.5
2021/12/19,34.8,28.4,33.6
2021/12/20,36.1,29.9,30.6
2021/12/21,35.2,29.7,33.2
2021/12/22,28,27.1,30.8
2021/12/23,36,24.6,33
2021/12/24,46.3,35.6,51.4
2021/12/25,50.4,46,58.6
2021/12/26,37.2,30.9,42.1
2021/12/27,41.8,32.1,54.6
2021/12/28,36,32.6,40.9
2021/12/29,37.1,32.8,42.1
2021/12/30,36.1,30.4,40.9
2021/12/31,39.5,35.8,45.9
2022/1/1,39.4,33.5,51.9
2022/1/2,27.5,20.2,32.9
2022/1/3,17.2,6.8,25
2022/1/4,27.6,24.2,27.5
2022/1/5,24.7,30.7,34.5
2022/1/6,12.7,17.9,15.4
2022/1/7,7.5,10.8,10.5
2022/1/8,20.4,12.2,20.2
2022/1/9,30.1,30.8,36.3
2022/1/10,15.6,12.6,19.8
2022/1/11,16.3,9.9,18.7
2022/1/12,37.4,32.2,37
2022/1/13,37,32.8,36.7
2022/1/14,35.4,25,32.6
2022/1/15,26.3,14.2,28.2
2022/1/16,22.9,13.7,23.2
2022/1/17,27.1,21,25.5
2022/1/18,31.1,28.7,29.8
2022/1/19,31.5,33.4,38.8
2022/1/20,14.8,18,19.2
2022/1/21,18,15.1,20.4
2022/1/22,25,17.6,19.4
2022/1/23,22,19.6,27.3
2022/1/24,19.9,15.4,27.2
2022/1/25,11.7,12.2,20
2022/1/26,3.5,9.5,9.5
2022/1/27,22.4,16.1,19.3
2022/1/28,25,15.4,25.9
2022/1/29,15.8,3.2,12.9
2022/1/30,23.2,16.9,25.4
2022/1/31,30.8,17,26.5
2022/2/1,38.8,31.1,40.6
2022/2/2,27.9,34.1,44.4
2022/2/3,23.5,18.7,23.8
2022/2/4,22.1,10.4,18.2
2022/2/5,14.1,9.9,13.7
2022/2/6,23.5,21.4,20.7
2022/2/7,26.3,26.5,23.5
2022/2/8,25.1,24.2,22.8
2022/2/9,37.6,33.1,40.5
2022/2/10,33.1,32.5,34.1
2022/2/11,37.3,32.4,36
2022/2/12,23.7,23.5,27.8
2022/2/13,16.8,15.6,17.4
2022/2/14,18.8,7.4,16.3
2022/2/15,29.3,21,28.5
2022/2/16,47.5,36.7,49.1
2022/2/17,36.1,37.3,49.7
2022/2/18,17.9,17.1,24
2022/2/19,20.6,19.2,25.3
2022/2/20,31.4,25.1,32.4
2022/2/21,41.9,37.2,47.8
2022/2/22,43.3,37.9,56.5
2022/2/23,23.4,26.2,27.8
2022/2/24,26.3,19.3,27.1
2022/2/25,27.6,21.2,28.8
2022/2/26,23.9,21.9,26.8
2022/2/27,35,29.6,32.2
2022/2/28,39.5,27.5,37.2
2022/3/1,45.6,36,46.7
2022/3/2,43.3,31,49.3
2022/3/3,35.4,25.8,42.7
2022/3/4,34.5,26.6,38
2022/3/5,52.7,37.8,55.4
2022/3/6,49.2,49,62
2022/3/7,36.4,33,41.4
2022/3/8,34.3,31.7,33
2022/3/9,37.1,32.8,38.3
2022/3/10,29.8,29.3,38.7
2022/3/11,27,25.9,33
2022/3/12,19.1,17.4,21
2022/3/13,34.4,20.8,31.3
2022/3/14,51,39.1,47.8
