date,1h,2h,3h,4h,5h,6h,7h,8h,9h,10h,11h,12h,13h,14h,15h,16h,17h,18h,19h,20h,21h,22h,23h,24h
2005/7/1,952012,879680,838025,820395,814464,845382,888926,963636,1026249,1103685,1175745,1208970,1257471,1300589,1287540,1296057,1315231,1320202,1303934,1287002,1261414,1243128,1155277,1041151
2005/7/2,946174,886865,838899,808132,795638,790523,804243,857333,931807,1002419,1048258,1074642,1101606,1128577,1154674,1172536,1180940,1185764,1156594,1116165,1062811,1041131,966632,875846
2005/7/3,792495,734336,703127,671548,666880,664526,668650,724864,808609,878809,917757,959053,998721,1014547,1023368,1032186,1045848,1038041,1012346,981056,954329,934169,887609,820596
2005/7/8,771228,742850,719278,713101,718855,751560,815653,863995,907032,950186,986146,1027199,1034615,1029331,1024038,1049147,1063508,1088250,1092842,1056787,1030795,1014860,922207,841106
2005/7/9,754096,720844,690294,673189,664394,673850,688397,746835,835281,914854,985109,1040548,1068625,1116059,1137942,1160247,1183990,1191573,1166965,1127589,1063605,1042983,946860,844996
2005/7/10,774899,718102,685524,662852,659327,657245,663946,733706,840172,935724,995543,1042337,1092896,1129448,1162779,1190096,1220399,1245519,1229287,1187607,1139516,1114671,1018847,908357
2005/7/15,883584,843633,811048,800956,807163,836591,902541,960122,1001727,1052578,1116063,1155096,1195017,1229965,1248664,1270265,1289412,1274618,1251597,1211871,1189879,1164875,1082214,993285
2005/7/16,907874,856164,823188,802210,784878,791733,817927,869413,950382,1025375,1107365,1175614,1225016,1270077,1296131,1292545,1293370,1281019,1254983,1210404,1173794,1134728,1060913,973596
2005/7/17,892982,836395,792761,771293,760947,761499,775051,833342,929033,1039380,1129115,1200141,1255855,1279201,1266751,1248646,1236531,1242882,1233597,1215277,1198247,1186462,1100637,1003099
2005/7/22,969746,923653,877906,860569,864285,897753,947957,1035733,1105855,1183034,1266865,1331749,1375313,1406640,1422032,1403684,1374326,1378236,1376911,1327063,1284489,1251912,1159421,1048563
2005/7/23,968399,906388,862733,838155,823193,828153,843062,902377,1014014,1113321,1182913,1229832,1250588,1269771,1275302,1276532,1288211,1283855,1258969,1197074,1132794,1096055,993574,894404
2005/7/24,805115,760744,723399,685069,693842,684925,684750,734776,838728,920586,1008357,1051974,1092961,1115327,1150249,1187473,1186520,1180743,1166195,1136490,1117253,1106509,1019303,929316
2005/7/29,843011,805289,783328,777686,784798,829145,886642,938825,972242,1004092,1046471,1062166,1078656,1096859,1096253,1113878,1125045,1123356,1107288,1083733,1074258,1056516,994910,911516
2005/7/30,850646,806162,786668,766971,759243,762102,790280,831735,897468,963910,1010652,1044632,1077084,1107546,1129147,1143202,1164643,1161302,1151930,1097590,1056189,1029455,951207,872887
2005/7/31,794373,746830,715493,705891,703638,704441,715532,752226,849970,936460,992458,1036860,1073163,1106709,1116847,1131558,1161531,1174743,1144926,1114283,1088417,1065512,980509,882243
2005/8/5,1008657,954916,914391,886663,879845,906499,956635,1032293,1103029,1186616,1288748,1359477,1355500,1392300,1419986,1416351,1404810,1378538,1343448,1275016,1248945,1204277,1106224,997736
2005/8/6,920538,886616,857193,827690,804291,803248,834684,872782,949519,1034176,1111262,1173844,1203004,1244074,1268320,1288155,1275882,1235277,1188262,1136943,1111643,1071130,1001302,920338
2005/8/7,854809,812776,775723,754958,743421,748021,761806,806436,883994,964755,1021048,1079899,1134359,1185597,1207994,1214590,1210092,1211088,1181171,1134282,1123251,1085381,1000750,914749
2005/8/12,1002535,943042,915253,900673,889433,922233,979193,1048539,1122183,1180890,1275351,1358137,1418344,1471319,1455626,1454125,1446466,1421958,1398062,1377969,1366979,1312808,1208989,1102877
2005/8/13,1022500,977169,939189,906321,895659,891955,902101,951134,1051404,1160509,1259977,1334978,1395008,1431260,1452414,1464369,1473327,1460954,1405562,1355004,1328923,1278329,1168078,1067612
2005/8/14,977124,916867,880174,858853,840561,836318,838849,887809,1001352,1115767,1219722,1288683,1352358,1399638,1429720,1437476,1469295,1470160,1425918,1378041,1347181,1309494,1200740,1098454
2005/8/19,874388,832752,809030,800542,804630,845480,911309,969897,1002518,1032562,1063898,1061733,1058926,1067208,1068710,1071095,1064423,1063217,1056645,1044337,1054238,1034569,981296,903856
2005/8/20,838635,792876,768105,750678,736018,752743,778593,830152,906143,987061,1059780,1151632,1216056,1268278,1307500,1345549,1363631,1368377,1333890,1286923,1268287,1214337,1124301,1035687
2005/8/21,957729,907121,870170,849036,822072,814924,828830,877319,995097,1106005,1187929,1249126,1292245,1324759,1329139,1330006,1351315,1341977,1305254,1252248,1220326,1159720,1045667,947791
2005/8/26,789160,750142,728070,721083,725963,772216,857443,898832,923363,958609,976587,998980,1009695,1019306,1012432,1001438,995272,992917,975820,969245,980466,943756,881442,817285
2005/8/27,754448,710957,687191,673421,677918,690489,728893,768691,835493,889270,913542,911426,891063,894112,882371,875679,873317,877874,881489,885286,897797,868072,822686,760091
2005/8/28,706721,681685,660675,651505,646497,644956,666399,716274,791343,867902,924487,994139,1053074,1093778,1126168,1148240,1173240,1184357,1157563,1155501,1163280,1093801,992065,897588
2005/9/2,825615,788852,766090,757815,762006,801991,889850,947088,971244,1004670,1056952,1108212,1158957,1212991,1227104,1206992,1220726,1200272,1206385,1189630,1172860,1100743,1022094,918892
2005/9/3,841845,788501,736471,723154,709434,714301,730131,753742,834654,914574,959062,982347,1010043,1034291,1046208,1063111,1065861,1060345,1025974,979150,974331,910209,837170,761862
2005/9/4,697942,659507,630069,613363,608891,618560,643613,684148,765137,832150,876796,906793,934950,952473,962471,974698,989500,1002080,975571,943054,937903,888666,810021,736354
2005/9/9,760616,734728,707128,698602,714990,758689,854949,894645,902728,922526,946307,979138,1007752,1051488,1082331,1102161,1117915,1109098,1080928,1059290,1044560,993616,921992,854562
2005/9/17,829833,779943,758794,745456,737236,750475,776583,821165,899404,974689,1041395,1099421,1131608,1156756,1172055,1183116,1200187,1178605,1133600,1112298,1088207,1020969,933559,844943
2005/9/18,778828,728912,702337,682437,676364,675926,691664,734942,810474,886534,939986,968880,994130,1029771,1051258,1068867,1089858,1105841,1076298,1080102,1062367,984473,895004,807857
2005/9/23,827855,784546,760052,744930,759421,803840,915238,965895,991332,1043886,1121410,1172630,1226534,1259532,1222768,1192931,1172026,1157032,1160887,1168866,1148969,1087776,1009279,924742
2005/9/24,852495,801114,766640,755563,742846,752740,776813,816831,860137,889676,895931,889167,879028,865239,846384,843358,840762,846213,858816,878002,858888,820927,771728,714057
2005/9/25,672365,634554,616896,603544,610184,621355,643326,664901,747404,808085,833558,859439,877576,885807,885409,895274,908473,923013,929360,966176,965588,907298,838608,772958
2005/9/30,664721,647844,634700,638552,650409,705336,822658,869550,842588,811637,801592,806602,808746,803652,805821,807857,842541,852121,854000,879452,875332,853414,796617,737133
2005/10/1,684359,651597,636862,624549,630462,649423,684020,710443,778450,808931,802498,792903,789665,795738,800879,813757,829495,837126,831562,861894,853701,809475,756015,690060
2005/10/2,642374,624771,602911,599605,594598,606601,635632,676340,750243,784689,791860,802730,826699,842994,860411,879568,895362,915042,903823,945299,932053,859403,780884,716473
2005/10/7,779533,749743,737522,733541,737366,780237,892167,954536,959134,971312,985069,980829,981317,978690,971677,964711,973622,977700,1006177,1022285,991280,954110,904555,833611
2005/10/8,780256,738216,723705,710116,709154,727869,757993,800319,854983,919919,943660,929118,904837,895693,882562,869805,865319,874434,885560,893309,881760,830895,781517,718642
2005/10/9,663366,627143,614041,600254,598007,606957,631549,683450,753373,785887,794691,789699,792933,784162,774448,773083,779841,801739,832745,878214,874627,819496,759211,705362
2005/10/14,705715,684192,674174,668464,687064,739960,846276,903192,884589,889814,901735,865415,853517,846751,846898,843127,854498,862457,881186,905066,890865,857017,801635,737151
2005/10/15,691362,657303,636492,632971,636684,659526,698362,740911,794923,814041,817103,806759,802696,800947,798027,796877,817675,819577,834070,859374,845857,805197,753268,690297
2005/10/16,641939,614748,588871,587498,582562,600250,629087,680870,750356,788984,796308,791067,781537,773217,771034,782759,791096,821341,862165,906275,890596,836629,771091,706101
2005/10/21,718954,690373,677770,666910,687891,743383,842628,914501,904165,878561,890199,869822,893533,916420,910711,904965,918944,947569,978400,969423,942932,899275,852755,776786
2005/10/22,732966,693437,680255,664689,672376,678994,721897,776469,837996,880908,888957,879381,861368,847808,830164,819251,831265,856387,865139,861745,835610,805409,760598,714729
2005/10/23,679766,653456,646854,646347,649538,675618,707224,764502,830201,840325,823309,804701,775101,759356,754996,748425,757623,784419,841858,885168,836168,772737,716645,659068
2005/10/28,828092,806023,802544,803035,826003,887753,997806,1064380,1049795,1034149,1013944,984655,960392,941183,913747,897065,908765,939607,988908,1008267,999711,976084,942995,882385
2005/10/29,852480,837850,824966,823216,833946,866990,906509,966555,1016441,1022531,998817,969624,936066,899417,873499,851575,838610,859812,908268,934207,919401,899433,861538,807706
2005/10/30,764373,742846,736654,741024,758296,781162,832663,904101,927989,914590,876566,839809,816585,791915,778359,772764,800725,866252,914544,907660,895047,849734,798219,759468
2005/11/4,740882,728580,724479,734155,759048,829127,950542,979067,933181,907114,894710,876718,866583,853239,844354,837115,852718,905108,916843,915578,883831,850297,800426,738161
2005/11/5,695256,663331,650876,652760,660407,689556,734930,794297,820306,829948,815240,776248,768494,767147,758741,778423,795318,853191,872084,845572,808178,775971,726561,678074
2005/11/6,637797,614044,607861,605825,608353,627598,665506,724530,790462,817478,789356,781179,775007,772364,761195,762379,782007,851657,891926,874427,851882,800573,746219,685614
2005/11/11,826879,812722,811113,821749,843208,898366,981539,1022297,992466,995145,975376,945142,922489,901864,888348,875452,901972,993398,1021136,1014561,1002383,972141,935411,873424
2005/11/12,849827,830491,828238,837393,858146,881306,932879,981673,994917,956612,920343,873182,834952,810623,792714,783899,807817,895357,918382,907204,885724,859602,825827,775380
2005/11/13,745160,722671,720507,729309,735069,763922,801838,874289,917482,902689,865955,835542,805135,780530,768090,763448,792749,879178,894074,892929,868241,814047,755756,693085
2005/11/18,992711,983005,991389,997975,1035530,1077222,1170465,1197863,1145842,1135398,1110001,1062920,1032476,1004533,992742,994295,1037203,1137341,1161884,1164446,1155636,1133815,1088315,1034099
2005/11/19,1003662,980363,975810,988145,1010817,1051046,1100381,1149879,1140385,1089843,1044259,976575,938343,912522,877705,875309,914098,1009717,1025777,1011747,998308,977407,932879,884584
2005/11/20,844847,821159,813798,827323,843808,867145,913092,981147,1012022,987004,923089,877322,846600,824579,796527,796805,827124,928910,954742,957639,951492,912292,861019,811849
2005/11/25,928000,938404,943388,964305,993398,1030032,1090398,1128643,1144949,1128317,1090389,1045012,1000207,960262,933965,927309,986670,1084776,1084637,1082860,1089849,1093500,1084209,1045966
2005/11/26,1013059,1005711,994749,998958,1017714,1048233,1081884,1134126,1165720,1144718,1088182,1028585,974546,926133,899415,893343,931970,1033831,1059443,1063166,1043815,1000451,952176,906204
2005/11/27,861277,846543,850569,849941,868162,899394,946021,997596,1042963,1042699,996785,952589,935998,915522,913587,930168,980640,1033645,1039534,1025495,1004157,948194,875664,822000
2005/12/2,953544,942433,925580,926514,951882,1029058,1145616,1199751,1166238,1150774,1120944,1103946,1088289,1087570,1076506,1092769,1158664,1275648,1300645,1287731,1269355,1237134,1181192,1124382
2005/12/3,1074066,1053145,1049064,1067866,1073308,1105632,1156764,1218134,1248017,1236921,1191267,1131287,1089891,1057824,1048691,1058138,1100085,1167700,1169152,1152715,1121671,1097899,1054102,994648
2005/12/4,951729,919645,906556,905126,904467,918137,943646,1003115,1052867,1068025,1036483,1009361,973090,959423,933453,943139,994320,1094607,1097398,1100371,1087327,1045023,980524,914569
2005/12/9,1108341,1059895,1010174,1008755,1012303,1054637,1124360,1177952,1176640,1166035,1144415,1117550,1083562,1065940,1055804,1073611,1138430,1255374,1280582,1273640,1252017,1222691,1165272,1113098
2005/12/10,1078237,1065928,1074911,1086829,1109367,1154762,1207443,1271459,1296790,1244557,1182768,1119555,1074362,1035039,1007047,1009185,1053468,1163557,1178798,1170343,1160412,1125427,1081229,1025899
2005/12/11,985925,972874,975311,982976,981851,1012065,1051553,1111189,1153741,1129777,1101904,1072703,1058643,1052575,1025607,1037790,1084244,1146304,1157648,1156753,1135135,1090792,1033457,971300
2005/12/16,962284,953976,959125,958522,984044,1038637,1118177,1179830,1180163,1155115,1126676,1105132,1069835,1050746,1039450,1041972,1101998,1194742,1211197,1198705,1181595,1173462,1122405,1065505
2005/12/17,1029783,999814,993731,997789,1011456,1038799,1075122,1138763,1188483,1189626,1136170,1075549,1022541,995180,980635,988596,1034605,1138301,1160910,1151001,1152826,1136283,1097210,1046446
2005/12/18,1008734,980366,967403,966976,968719,993541,1027213,1093236,1160599,1143969,1080013,1020862,986397,956373,933765,929705,979760,1110341,1144931,1171040,1187801,1161594,1090459,1049693
2005/12/23,954759,928639,934040,944773,988901,1056179,1136692,1193776,1189668,1138305,1074656,1012409,960119,913414,887091,876260,912437,1022993,1053612,1050037,1046921,1019131,975743,914925
2005/12/24,864113,840327,843995,827980,823506,835976,879577,941151,971840,971847,928908,872933,828553,781646,773496,789845,816313,906240,920266,911332,915761,903781,850556,817350
2006/1/1,813068,783278,763518,751890,745894,762592,783375,833680,887178,909467,911759,889468,873471,845028,816065,808093,843223,948053,1003460,1010288,1012007,980721,933110,889195
2006/1/6,900171,875147,873895,880468,918365,987483,1106478,1180882,1160954,1144321,1137724,1081895,1067585,1048656,1043710,1078908,1128180,1203501,1212670,1199254,1192968,1208569,1153669,1091294
2006/1/7,1051771,1027466,1019937,1024984,1038536,1062474,1103604,1137249,1148109,1134088,1126341,1129923,1100921,1060972,1045946,1043310,1081273,1141859,1162283,1144947,1137511,1106103,1047634,992124
2006/1/8,949600,934849,921119,918014,931027,953575,997835,1059410,1102336,1091224,1059874,1026767,990766,964791,935917,916609,947107,1042800,1074871,1075921,1052818,999808,934670,876858
2006/1/13,844810,836593,839434,863161,892688,964417,1083587,1149153,1113539,1075720,1019976,983252,939969,918173,894479,885947,916678,979428,1001081,977076,953864,910438,854075,790786
2006/1/14,730941,713515,704490,709613,717732,741231,793578,846905,916749,972050,990771,993086,993747,1018280,1033510,1050108,1089865,1123265,1142263,1128971,1123459,1101868,1079406,1027185
2006/1/15,984859,963412,981411,1012186,1041230,1072445,1114389,1180130,1227252,1211410,1172213,1129568,1103739,1060531,1022193,1013212,1039271,1108983,1125283,1124518,1148518,1122722,1071349,1026290
2006/1/20,918126,904816,882877,886431,916757,979748,1099655,1124020,1066662,1012668,973343,941188,908919,905108,894909,873271,885715,958245,966451,944663,927826,895278,856527,811663
2006/1/21,793205,780602,781999,787647,805173,824867,881222,931070,981729,993972,964793,942107,915029,901898,885052,880392,891234,950324,996396,984191,967487,938305,907125,873636
2006/1/22,842507,828456,836078,850417,875103,912645,978856,1052297,1100987,1084945,1051479,1013013,986535,944532,940161,960143,989967,1018307,1047659,1038182,1040176,1018452,970805,919879
2006/1/27,1095976,1086896,1095391,1109710,1139288,1163559,1282362,1320286,1263558,1190906,1155515,1118028,1069383,1029710,982168,975365,992412,1078652,1143800,1151232,1137706,1115922,1060724,989890
2006/1/28,952898,930970,925471,924741,939576,970972,1006894,1067327,1100513,1076396,1028701,969511,899892,863214,826605,816024,825151,887647,940265,940177,939390,920821,892665,844875
2006/1/29,810820,801487,784798,760600,749454,766518,834086,908027,983818,1022223,1018678,1006870,979994,941823,898883,873461,872625,920307,979896,983925,952065,905879,840850,790721
2006/2/3,829257,814926,800214,795879,820471,876707,994180,1046151,1011868,973225,947777,934315,905337,883315,863086,851554,848542,889174,957571,941707,921808,901476,859277,823070
2006/2/4,793530,773355,763249,772199,779196,806710,847378,906691,966610,997930,1017725,1012963,988538,963248,951453,954606,971600,994484,1013349,987833,948128,920280,884386,836278
2006/2/5,796518,777928,787238,785894,796897,827127,870311,930827,1001530,1016534,1008977,993351,988989,965200,975336,987468,1013668,1081096,1115199,1111814,1118136,1092804,1054852,996638
2006/2/10,1089223,1084762,1089710,1107222,1136320,1194728,1268510,1292502,1248365,1229728,1223093,1184867,1151459,1102612,1065646,1043387,1064687,1121845,1178022,1173032,1157004,1125037,1085588,1027154
2006/2/11,977705,956046,934620,931886,933492,957490,1000981,1055707,1109788,1140452,1148206,1141823,1131168,1128698,1121279,1116457,1147639,1178310,1204990,1191094,1166896,1116061,1063557,1015798
2006/2/12,969928,951500,934066,930181,949600,973024,1004857,1055061,1106800,1125270,1114435,1095236,1076629,1063128,1049661,1056042,1082388,1140659,1210092,1217397,1202149,1160804,1110793,1067450
2006/2/24,934560,915730,913628,938131,972154,1058452,1190317,1234148,1186363,1139375,1114139,1076390,1052845,1027228,1005251,980348,989604,1039606,1127355,1154446,1159827,1147780,1107210,1067042
2006/2/25,1035015,1022756,1020133,1023396,1027901,1059262,1089032,1135830,1161192,1147023,1106927,1037753,975796,925427,890488,876070,868608,912969,982593,998064,995915,982672,963515,941561
2006/2/26,921367,918579,926857,927486,952115,993409,1045880,1112725,1158224,1173477,1153731,1135443,1112404,1090718,1072815,1061585,1085214,1143941,1243610,1265877,1270720,1230436,1156003,1118745
2006/3/3,921826,920402,933610,947493,990849,1068473,1197897,1218288,1156051,1131920,1106386,1070980,1050710,1034524,1016098,1003374,1033153,1091234,1194228,1213729,1209625,1178818,1132910,1069890
2006/3/4,1031989,1019261,1020976,1036169,1052471,1092681,1107192,1127014,1136023,1138930,1147453,1095923,1045501,998272,969212,949718,953627,988718,1075940,1099128,1089343,1063179,1019862,967134
2006/3/5,937470,914554,916910,931931,940686,972441,1000763,1043184,1066438,1050589,1014076,969417,944435,914206,880504,863233,874554,925790,1018912,1057937,1054965,1011653,957261,903161
2006/3/10,759609,739406,727454,719063,744694,801695,913043,946410,920231,904666,903924,885291,869986,858900,849256,837729,843679,848511,889582,918317,884567,847588,796774,724631
2006/3/11,675601,653815,637243,651906,666100,697800,746827,814616,842611,852476,834114,812568,792027,774926,755974,749039,754085,778226,824332,839923,809248,771875,718037,661555
2006/3/12,624693,598102,579220,582641,591565,604492,642261,709133,775829,810572,802905,793465,784046,775362,769590,769228,784853,812870,856089,886195,875079,819724,755029,695976
2006/3/17,821194,815236,813260,820350,853810,925097,1042540,1082103,1056913,1040826,1040641,1009816,983215,948585,935012,911712,913486,930718,1012554,1040163,1038872,1020580,986959,940731
2006/3/18,904413,895676,902063,906481,933144,979904,1025475,1074929,1088088,1087259,1063879,1023166,984818,951142,924149,917805,914889,949317,1028572,1060602,1041650,1024951,985805,948820
2006/3/19,916805,901463,898664,905355,920583,947990,998254,1030877,1053436,1048299,1005810,964240,939157,897480,868240,837026,839775,869601,950100,1015518,1010172,976330,924834,883953
2006/3/24,905744,898260,896309,907361,934507,1002311,1117789,1157968,1097719,1058180,1031421,989013,956811,934566,917472,917369,933135,968693,1013608,1037807,1023979,995757,949098,897681
2006/3/25,857979,859264,852708,864237,860194,910243,962883,1010079,1040316,1032408,991926,953087,931100,905858,884991,874465,889188,910684,960249,997357,987895,963096,939416,895925
2006/3/26,868270,862922,855569,874191,880413,905315,941996,991232,1012433,1014979,981358,941276,914471,893385,869317,864345,879310,913768,981084,1037150,1034117,991464,922440,875751
2006/3/31,723886,712123,715946,726087,752288,820867,926190,950828,877773,850493,842523,860329,857531,858639,860446,843724,854981,857842,896417,930139,901621,854542,792703,720472
2006/4/1,675248,651135,631453,621599,621490,644713,678963,740883,795714,817427,815089,798640,785878,788876,774579,770954,781818,794262,817511,851321,828598,789291,743595,681050
2006/4/2,641194,618324,611868,613101,606740,615588,637359,686519,751418,796830,806408,797353,781596,756556,743447,742933,739567,753067,765187,824695,876282,841914,775421,708450
2006/4/7,752129,731647,728387,729927,756736,818932,929603,976164,947726,946155,936946,916152,895535,882173,872396,858529,862055,864825,866711,859970,879929,874796,822279,756882
2006/4/8,702501,666166,652023,634550,642559,665927,687916,732652,800586,845618,874157,873820,865754,855953,855177,862398,872073,881992,902623,911700,950438,932570,897931,861270
2006/4/9,827216,814537,809481,820231,837999,862636,911137,963294,987093,990186,955076,910814,885814,851607,816654,793958,787208,794439,804779,850611,928111,923488,871105,815348
2006/4/14,691046,654783,634110,630258,641122,681050,748272,784537,812381,829396,834391,831098,813300,804185,795962,786546,801806,815511,819066,832437,867029,835611,772922,708408
2006/4/15,651781,623970,613398,610812,609868,617222,643374,693185,762553,808197,812090,809228,818833,812538,819430,831064,845248,857697,848556,844850,876818,852327,789287,705479
2006/4/16,637239,590922,563937,557539,556992,572624,602605,653646,733369,781065,770607,775569,769258,747994,726248,711491,705713,707534,725946,755313,815403,788821,727240,664876
2006/4/21,712845,682295,670459,667464,682913,733463,825976,883826,867347,875725,875009,875169,860021,853940,844652,841615,843365,875176,895413,901340,900540,861546,800650,737474
2006/4/22,681942,656922,644424,634271,619026,633177,666577,720083,791113,831564,859064,857551,837518,815535,812468,817792,823576,830973,834967,835640,835382,795416,753265,696570
2006/4/23,655711,631211,618232,616396,617966,634588,666038,714929,780744,819890,830596,823629,805859,782715,765923,764482,781303,790317,796407,822697,886598,853080,774807,711026
2006/4/28,715657,695624,704663,714170,731941,787865,884058,923667,893034,883050,874632,865106,856883,861176,847820,834724,832741,842981,834723,840720,888531,873975,822178,757707
2006/4/29,713332,697874,687751,689559,709789,746192,794859,830811,858925,851882,821611,797919,793500,777076,758880,757458,762598,771275,772081,781556,819591,804182,762851,699624
2006/4/30,657830,641160,639193,640136,657586,675624,710136,772153,824670,846439,822811,807870,778808,764899,746241,738883,744692,768440,785925,812745,878779,863115,788790,719971
2006/5/5,725555,687285,671783,660839,675181,719002,790226,833898,843458,855977,871125,879009,901438,898184,897709,898563,892523,890497,876882,871136,884383,870236,808195,742007
2006/5/6,677848,638991,618991,604427,578871,640061,637340,687841,759356,799772,821676,823563,813907,800250,788319,790537,803366,809530,807009,786692,809888,792247,739238,676701
2006/5/7,627042,599124,585559,581263,559790,577422,601236,656868,722872,757182,750985,738595,730991,726553,713668,726283,751715,786677,802175,830559,857246,814578,753328,688666
2006/5/12,711926,687683,680164,680618,704111,761354,869310,923767,903866,901905,891154,892084,877244,869141,860149,850376,848063,849134,843105,834710,857751,857004,812333,743431
2006/5/13,687503,652805,637053,634283,636021,659455,694132,745622,804728,815328,813897,801769,803851,798230,788504,789387,798924,797953,794071,790327,816678,801468,750629,687509
2006/5/14,638292,604150,596313,594788,594639,595266,621801,677386,749972,785974,787008,779044,766452,759731,750479,758792,757076,771180,780777,806844,849487,828842,771550,708629
2006/5/19,719919,692395,685631,689030,706810,767435,860486,919106,909932,892848,894611,891654,881391,876520,859916,856426,858302,883728,884227,884826,901925,889048,835982,763871
2006/5/20,708703,683055,651826,660305,666202,691113,725096,778565,824253,841040,819336,823554,795748,803633,793949,799403,805930,809044,804812,800927,813162,814924,765961,701516
2006/5/21,651460,621115,611332,612126,611327,616592,639507,698645,760227,791017,795042,786435,790421,796644,784533,783912,790449,806437,811706,826738,853092,857473,773289,696763
2006/6/2,843198,795445,808514,787926,795459,837207,921927,997369,1019145,1046883,1062191,1108027,1152350,1182760,1201242,1220225,1226334,1217097,1181417,1147262,1120621,1075567,983926,896208
2006/6/3,833086,779399,753393,733944,721392,734072,753452,804059,856284,884644,905469,912625,916976,911924,901722,900440,858606,844433,834813,822425,812171,837751,801824,725555
2006/6/4,676262,642659,621270,612575,606511,618371,622419,685698,759048,806203,821420,837506,847086,850161,844252,857014,876143,892367,890474,878350,885993,882568,816882,738890
2006/6/9,790350,755824,732277,711103,722425,758039,826692,892839,898663,931808,988385,1024169,1016738,1003601,1001010,1019716,1032590,1058810,1041355,1008567,982720,981914,913518,827504
2006/6/10,750163,701346,679041,661175,655603,659575,693023,747411,805952,834444,849498,848281,841245,839286,837414,842769,856472,868091,859221,836800,830240,835771,775928,704089
2006/6/11,651118,616060,597405,588687,583341,594571,606631,671865,745230,786864,802424,805791,811892,810469,811593,830744,844249,873676,872180,870337,883867,894060,828471,757201
2006/6/16,756692,718297,706440,695614,708766,731488,800281,864136,904932,940375,980503,1001488,1026604,1044140,1043690,1075564,1102629,1109695,1110451,1107787,1064724,1039006,964357,859594
2006/6/17,787127,744139,712860,697040,692403,686289,711168,772356,848871,921060,984525,1027923,1048433,1048155,1082820,1104873,1129036,1134140,1143266,1118771,1082389,1067102,993493,895661
2006/6/18,818562,756425,730056,709774,693980,693136,701281,776899,882532,993158,1077452,1146993,1198992,1222650,1234916,1262276,1282925,1292720,1276364,1228800,1213514,1190075,1094403,980725
2006/6/23,1011747,949411,909803,862608,781287,811940,866111,943711,1015998,1119330,1150274,1159440,1180346,1177804,1203247,1225241,1242703,1261813,1245361,1208411,1173941,1130925,1056371,954374
2006/6/24,867124,818122,783395,759544,751606,757965,776957,827857,891309,969481,1021090,1077938,1115211,1117342,1101582,1111023,1109440,1114632,1128395,1093063,1072919,1054079,992636,900570
2006/6/25,829196,791552,762944,752426,733092,722450,740302,787680,857527,914204,948846,993960,1028019,1035897,1019619,998619,992044,974904,994133,998845,996036,985215,926033,837690
2006/6/30,840803,789289,755368,728995,728350,757185,809810,890266,946176,987440,1035452,1070368,1084682,1121029,1145601,1170663,1182027,1187838,1167208,1116422,1047674,1026062,946196,851761
2006/7/1,769842,714736,692830,676958,676135,675051,685474,746447,831296,908253,972453,1034986,1072338,1114384,1134901,1154235,1176837,1178534,1153292,1098014,1044563,1025521,948231,870811
2006/7/2,788253,734076,697193,676051,665179,667271,678247,765047,880438,1001741,1089205,1166992,1227857,1255845,1238690,1258623,1273351,1264401,1208797,1155852,1103008,1077882,993688,894933
2006/7/7,780633,735118,705477,683734,684997,709936,762624,832530,873151,921494,954324,977379,1017151,1016764,1037524,1054785,1072465,1093947,1082235,1046431,1008692,999737,930894,840189
2006/7/8,764151,715425,691372,679513,669149,672736,690272,726313,784947,834986,874950,901512,925682,949562,989278,1023027,1038332,1035862,1015410,977091,960522,949523,894797,808127
2006/7/9,738039,686516,661156,641875,641995,639761,645232,706435,778717,855542,918323,968241,1005996,1035116,1042970,1059651,1072845,1091526,1070977,1043633,1029965,1012342,933374,848590
2006/7/14,909901,874167,846383,833630,837655,884266,953035,1028842,1091487,1148064,1204471,1262219,1264052,1243755,1257152,1271629,1269819,1282300,1282701,1247352,1213825,1188319,1096809,993900
2006/7/15,905073,866480,824963,808164,804332,813997,821444,866419,934254,999678,1078161,1143806,1184672,1198875,1229833,1263177,1299373,1304251,1289154,1226969,1178008,1150733,1068369,964848
2006/7/16,886907,827820,785338,758796,750306,742425,753082,830060,951342,1065043,1141301,1196132,1228266,1239506,1261284,1292368,1342398,1389271,1380720,1342123,1288596,1253585,1149120,1031091
2006/7/21,1003529,948873,911852,894274,890038,919259,973713,1051039,1108834,1150029,1235165,1313500,1346443,1349346,1341538,1330129,1316725,1333781,1311788,1272305,1256969,1226227,1139615,1042798
2006/7/22,963445,897636,865564,842952,835084,842134,862421,891485,958585,1054368,1129473,1174644,1184811,1196417,1188817,1195437,1216305,1227881,1218190,1161827,1118338,1099517,1032425,956513
2006/7/23,876669,816925,781918,758503,744900,732882,740805,790611,870435,936732,981839,1012644,1041137,1072743,1087203,1115438,1149343,1173409,1169906,1123588,1090669,1069665,976781,884503
2006/7/28,1031422,978352,943289,926950,923998,953519,1005585,1075611,1132787,1213779,1282388,1310064,1296796,1300360,1301262,1286068,1291395,1331769,1329505,1271824,1241437,1211698,1123811,1019364
2006/7/29,954784,904602,859817,830506,832600,828090,849474,912879,1029959,1122569,1211344,1253816,1266918,1300982,1328812,1340360,1346922,1335903,1335554,1316828,1266819,1232073,1143467,1059380
2006/7/30,974720,906384,860870,836314,815593,818798,820815,875623,986510,1079343,1170117,1225206,1264719,1309205,1338400,1352502,1358450,1363652,1355379,1319555,1302137,1272695,1171103,1064811
2006/8/11,885466,851836,817007,806991,805519,838042,877686,937472,971708,1009580,1060044,1098214,1124825,1132818,1144754,1161386,1173092,1178706,1142249,1086338,1051912,1012847,928606,850413
2006/8/12,781504,735019,707435,688426,690707,694869,706916,751254,822176,870619,914605,945064,975058,1002017,1028194,1059257,1083274,1102013,1083397,1032209,1004556,963457,886396,794031
2006/8/13,720799,669161,639716,622002,624641,626123,632369,677993,759673,837144,877368,912225,943179,994183,1032827,1069329,1119386,1145146,1134461,1093040,1087340,1051486,951901,869295
2006/8/18,887428,842822,812114,794253,792017,811784,871433,928795,987219,1055662,1127147,1182932,1198269,1199065,1242417,1274855,1289674,1290141,1256578,1189611,1182348,1156620,1073125,985816
2006/8/19,920774,858901,820422,794386,785668,789127,802305,847451,941948,1034671,1125831,1192906,1249400,1269401,1250100,1247187,1248780,1284519,1270164,1229576,1230195,1183143,1108884,1025197
2006/8/20,952891,898570,860879,833412,824386,805052,813581,853456,965600,1077579,1145423,1196067,1238323,1238272,1235546,1251566,1262697,1278119,1296105,1271139,1276102,1208744,1108557,1000966
2006/8/25,919945,874151,837012,816533,817903,854250,918190,970130,1021944,1091773,1171203,1246757,1295760,1316661,1361628,1384772,1394950,1383327,1363592,1338801,1324298,1246721,1149601,1043827
2006/8/26,961130,898076,859433,839407,823831,818709,838166,883751,973310,1059134,1147205,1219841,1254828,1270742,1295999,1292546,1294963,1234656,1182334,1177857,1167681,1129637,1045584,967439
2006/8/27,899293,853427,818213,797718,787871,779145,786925,830662,922803,1000588,1059317,1116845,1184668,1203882,1206747,1188654,1184266,1190265,1173797,1175276,1189801,1123390,1035860,952343
2006/9/1,769905,744073,727451,715009,723724,768599,838302,890473,910199,925618,944000,932940,918964,912433,902718,890805,881477,885483,889273,900393,896773,852153,787232,735980
2006/9/2,691622,664017,656822,649570,645118,658504,675991,711947,778688,823825,841810,841169,833184,830846,818783,828038,838167,844831,842344,841977,872623,832233,778838,721460
2006/9/3,668798,624155,603354,593163,591424,597339,615689,658798,748909,799264,824151,837097,862428,868984,885473,894404,892597,895039,886168,882709,893064,847727,780581,718544
2006/9/8,794687,762506,744108,735053,749423,793628,862719,928295,926341,955902,981824,1017679,1055010,1083387,1084028,1033990,1016422,1039580,1055552,1047968,1061038,1010023,935048,854655
2006/9/9,788576,741687,699874,689219,682252,698943,721401,763261,823649,884637,934753,974326,1010429,1041803,1061301,1057197,1035318,1021967,1014924,1026190,1030266,970664,897204,820372
2006/9/10,749391,697269,668606,653231,649574,652047,673906,713529,783403,844402,897355,936800,975142,1005550,1023470,1046759,1055297,1051735,1027326,1033617,1054940,992968,908437,823195
2006/9/15,745636,714651,703772,709735,715704,759626,861944,892847,891729,904434,921100,928071,935458,944258,957400,955304,961978,966220,960314,955173,959355,909687,855144,787585
2006/9/16,742625,708291,682151,677674,679738,701070,735341,782579,836776,879875,902747,906860,908733,902158,898402,898232,902350,904409,900750,914091,920240,870074,809330,736506
2006/9/17,678837,642620,628204,610615,613031,616752,654337,699626,777975,841272,880249,904342,941719,971858,993918,1011068,1020677,1046915,1035662,1049589,1049023,969965,886027,795700
2006/9/22,711407,689204,677965,679507,693388,749393,866486,907904,893137,892321,896776,874568,867600,857168,851533,849101,856886,859875,872403,917227,908415,868299,813795,747969
2006/9/23,698167,663548,647883,639455,637827,663157,699061,749032,795526,837726,855471,865041,866207,874356,880057,896284,913523,929246,924933,956135,948102,901417,843661,780622
2006/9/24,733485,708919,684672,686173,678039,692456,715835,758963,838513,901376,937602,962529,971242,961084,935431,929381,933912,941466,934991,974517,974674,913500,833160,761512
2006/9/29,723518,702309,674836,675675,689149,743913,850838,885738,870348,868978,871064,866678,869725,854603,849362,845793,858069,866018,873910,897656,894564,862908,809332,745084
2006/9/30,693172,666621,647327,647982,649834,670059,711691,772451,835369,867383,871885,868246,832073,812072,779231,771870,767234,773632,793143,838595,821285,795426,737150,685038
2006/10/1,633753,604545,593859,589710,591355,607136,641515,698129,765601,811753,809502,754486,744449,743637,762147,789856,807976,816420,839322,889502,888096,835848,767649,699895
2006/10/6,710865,682833,667780,674702,689469,743901,851338,921029,915910,914033,918265,920660,910449,905701,900080,903378,921008,942447,977362,989780,957689,922600,867018,804101
2006/10/7,754264,715784,698166,693321,699269,719919,753661,808086,871159,918109,934982,941759,921459,902394,885224,888527,893132,903655,918780,926567,904109,862648,807267,752233
2006/10/8,705790,665120,651425,643517,646952,663009,709386,757364,816044,847015,847282,828343,818047,803010,797887,793466,798849,800923,824203,895497,892081,848958,781757,721637
2006/10/13,695245,688206,679552,701686,731711,803626,939306,1033311,1028549,996845,974187,946592,926037,905044,891896,877621,880110,898364,933614,978900,972633,950031,913256,859532
2006/10/14,814664,798287,786399,788275,795637,822042,874811,939681,969429,958221,925377,888557,852510,826737,809960,799991,802693,819533,861110,910321,897395,874887,839583,792030
2006/10/15,750626,746814,739469,752508,768882,795724,846303,917592,973577,954895,918525,871210,852671,827500,805430,794461,800570,824702,861383,924395,923008,880662,829762,778212
2006/10/20,717398,690641,674104,675461,689861,748578,866943,935791,923089,936201,924544,916599,916473,904735,882890,872695,880112,892648,931555,957238,937457,900483,845215,781693
2006/10/21,746442,724057,715997,717376,722518,757090,803169,856024,902267,902052,882495,852096,818704,806267,792108,785154,784751,801810,842529,883346,865430,852001,807813,763735
2006/10/22,728519,719625,714078,717327,730634,751077,796341,841267,901341,936914,914100,880495,859690,834315,812752,801657,807619,841227,878398,922253,899635,850387,790688,740379
2006/10/27,837319,819405,816318,824108,843438,910388,1022109,1077495,1056743,1047851,1029947,1014187,1006727,1001734,995403,1000389,1030746,1060838,1097127,1077918,1045077,1001235,940135,864788
2006/10/28,803997,762476,737807,733425,737361,753912,794406,838341,893834,920863,918725,901667,882395,850841,845809,841167,848613,879679,935749,950094,925788,907640,866375,818931
2006/10/29,789846,753837,741773,743173,757221,814987,860692,926324,953170,946787,911202,877089,852290,839784,817564,814342,838676,913856,960128,964645,944990,897648,846684,788460
2006/11/3,877944,872470,875616,889761,930869,992783,1083560,1116991,1072880,1074124,1069091,1041070,1013648,986733,974528,978965,1016896,1101913,1103144,1096921,1091925,1072751,1053207,1020377
2006/11/4,995314,974554,975118,990041,1014383,1049774,1101539,1127004,1087915,1049549,1008715,987919,959671,931476,913365,927237,960854,1025459,1020732,1014617,1008083,993876,1010774,972652
2006/11/5,941561,923357,921285,913985,920508,941148,977290,1014252,1018673,995512,943837,928155,911054,879636,858186,847793,886722,965115,972577,972906,1014508,987478,931609,883269
2006/11/10,738303,718314,709832,709637,740695,796207,898856,942662,921902,905493,902696,887823,881420,879062,868316,862131,867068,930399,941952,912988,885571,839831,799368,741000
2006/11/11,694019,662676,654337,650767,664110,686061,726789,780002,827901,844325,841849,827666,814066,804301,794528,799709,814147,889313,893346,867347,837357,793525,744433,690814
2006/11/12,646311,610674,596694,601108,603732,624471,672392,751735,850873,909268,923913,922172,906253,923875,927127,938005,951720,962019,967432,974438,985295,934016,864021,798293
2006/11/17,743543,731538,726508,732083,764222,833294,947494,982739,955280,940689,889330,864555,859091,885303,894175,887577,930977,1021308,1047946,1044258,1027871,998315,953831,900100
2006/11/18,863508,850494,845497,858740,876591,873866,890776,947119,1020112,1017644,1009863,972497,923935,892291,871006,876002,918530,1006090,1025009,1015400,1005751,966326,923230,878592
2006/11/19,837295,823130,821065,822112,831265,856885,897799,963835,1009422,1016269,976547,958793,932656,915547,899108,912210,954507,1030220,1041380,1058959,1039030,987896,930915,878414
2006/12/1,736887,707010,701421,698723,721950,772161,874573,922319,916626,914202,910931,910078,897881,885564,886055,877443,861598,905858,923195,904139,932247,907262,862152,817240
2006/12/2,779813,763164,758876,770266,795942,842948,900952,966508,1008471,1007783,980520,948745,923961,901269,883928,894580,956621,1029579,1010572,992895,1003877,1009960,965512,917720
2006/12/3,877681,861477,863848,866180,896563,931319,982896,1056901,1101306,1081039,1040126,990094,963578,949048,950300,952487,1019426,1099652,1076654,1078637,1072139,1065534,997058,927024
2006/12/8,1193855,1197304,1189214,1208673,1236989,1306537,1425803,1470084,1414358,1372501,1335305,1304590,1264368,1239478,1207472,1199945,1245062,1339332,1359626,1357287,1343698,1324522,1286841,1223632
2006/12/9,1214326,1190271,1178619,1194945,1211542,1242209,1291554,1368238,1397811,1350460,1290326,1229027,1146736,1088218,1052572,1052644,1102554,1209611,1223894,1224467,1209732,1187290,1137057,1076158
2006/12/10,1030198,1010083,1004889,1004612,1015041,1007681,1025268,1087023,1146829,1138387,1059225,1000528,952448,916216,884750,876435,932964,1056995,1080385,1099068,1094406,1060697,996358,939900
2006/12/15,865979,845256,838806,845950,878119,940016,1063808,1121450,1082501,1045584,1004778,980778,953600,916135,897100,893905,936275,1037312,1052304,1038466,1019370,987845,939559,863231
2006/12/16,820714,792430,791329,800570,819910,871284,918831,993826,1033255,1030294,1000822,946760,907427,872005,867281,874758,930910,1020627,1050740,1044259,1041923,1027434,992386,944795
2006/12/17,903859,883159,879052,880668,890710,909145,933519,1003809,1041943,1017191,973109,909875,880202,858386,832128,825690,877719,982340,1007111,1008826,1001009,945327,868736,795511
2006/12/22,872678,836384,824327,826256,844378,901338,989076,1062627,1074282,1084628,1067912,1057148,1033231,1026461,1016500,1021859,1065832,1106002,1095498,1066014,1031805,989118,921593,843013
2006/12/23,785093,741345,720543,706563,713569,739604,770856,826040,886475,920532,924644,891080,855740,825577,804060,802308,819586,927225,946043,943448,941750,928819,895759,857798
2006/12/24,801642,776055,779019,780935,783647,796183,840909,912520,982578,988163,951178,899786,860855,826783,802285,792861,820225,915536,949838,938291,959103,962731,942219,896002
2006/12/29,903124,898322,896382,908952,943826,1005628,1091788,1151013,1155757,1108584,1057541,1002166,964029,926000,898726,891992,932356,1049292,1083904,1082515,1078028,1053066,1008798,945131
2006/12/30,917039,892837,891652,899667,916365,944084,989213,1049751,1079819,1059598,1018753,969906,912336,869247,835727,831022,867536,974993,1004034,994372,984496,957751,916521,858292
2006/12/31,821091,797541,793458,804846,807608,833234,867052,909528,967698,995334,979486,955359,939590,924439,913498,917995,965906,1030698,1019395,977879,945195,897832,860351,824523
2007/1/5,803031,781749,779939,778906,794207,847363,939115,998572,977589,969514,966961,961281,945531,934139,925953,909365,932197,1009595,1022965,995790,965804,921988,856991,784054
2007/1/6,738054,694781,677435,664452,666911,679580,702851,750753,804929,837811,847223,834418,821113,802295,785186,792099,821501,895991,915113,896898,872060,830719,794522,740763
2007/1/7,703610,674462,670685,664913,684090,700645,741271,811117,881119,916138,910429,890596,857894,834474,844387,863523,940992,1019258,1025905,1012617,996222,941453,876119,815275
2007/1/12,1014303,993268,990047,993362,1006102,1018975,1102616,1165810,1173508,1166835,1137852,1107716,1086687,1064291,1049754,1040136,1054656,1113319,1115076,1088394,1056438,1013203,950853,887008
2007/1/13,829344,803114,782103,774819,779351,792300,822791,875432,927912,956637,962335,942294,910213,877704,871365,861463,885873,933571,941674,920532,889469,851982,803327,747391
2007/1/14,700998,671500,655816,652489,653782,668154,690578,746569,802048,847164,848925,845800,839455,823481,807577,807119,833715,899664,919503,904267,880838,836702,785098,726745
2007/1/19,1038671,1005739,994881,993526,1027044,1090224,1205760,1265250,1231117,1190357,1161495,1129059,1110154,1087658,1074811,1069541,1115481,1202119,1251763,1247292,1231239,1195810,1146115,1087658
2007/1/20,1065986,1045378,1037789,1040644,1052822,1088056,1129633,1184925,1236208,1272565,1249353,1210468,1166429,1131542,1092318,1077057,1117838,1210975,1252188,1246317,1234155,1203737,1161804,1123399
2007/1/21,1085155,1063785,1062966,1066484,1078925,1112008,1147271,1205727,1254600,1289229,1282718,1280101,1280089,1278702,1281839,1278618,1296558,1313595,1313957,1286387,1284024,1238652,1180673,1118860
2007/1/26,1292200,1284771,1292974,1310382,1328567,1374239,1493173,1525182,1472468,1441304,1368031,1342312,1307853,1297497,1287283,1290458,1313147,1358860,1373100,1358038,1339568,1292488,1238878,1190237
2007/1/27,1154368,1136323,1135209,1141390,1162161,1192454,1244666,1293072,1297980,1243238,1162156,1075743,1003416,952871,918644,912101,929560,997112,1036989,1028984,1014129,974991,931306,875997
2007/1/28,836698,821242,817179,815117,827021,845339,884980,962938,1044424,1098574,1108315,1100509,1083147,1061397,1036724,1034224,1057115,1134419,1201829,1226657,1225199,1195111,1145745,1129176
2007/2/2,1063408,1048141,1045830,1049360,1068900,1109751,1189343,1249795,1254735,1240723,1222503,1174831,1165429,1163953,1163591,1184098,1203275,1216305,1211939,1196712,1173021,1165552,1147178,1099113
2007/2/3,1064932,1063543,1067551,1077987,1108075,1145680,1206782,1264763,1297254,1281231,1255231,1211380,1170941,1144775,1110735,1093088,1118562,1162619,1212309,1208507,1189259,1185625,1171125,1123882
2007/2/4,1089927,1077833,1083042,1101722,1133012,1161746,1211503,1271408,1281995,1268159,1222950,1193973,1179512,1161798,1139220,1132024,1129713,1192535,1276849,1314933,1343902,1348333,1335364,1301919
2007/2/9,1336825,1345446,1351294,1365908,1402930,1424843,1529036,1578416,1504368,1465475,1413490,1382049,1327513,1294198,1265272,1249122,1280307,1348366,1390770,1361653,1351345,1350178,1321592,1279156
2007/2/10,1257532,1258165,1261919,1269880,1287428,1310214,1353724,1370977,1362751,1334772,1309647,1274718,1219992,1171662,1133976,1133830,1147915,1230267,1319057,1332769,1326842,1292559,1260929,1210479
2007/2/11,1188215,1191460,1203611,1226381,1258218,1304850,1358311,1400094,1393534,1362259,1321899,1267425,1227532,1167966,1143392,1113976,1126686,1193894,1285627,1317658,1321953,1284673,1235493,1183129
2007/2/16,1368257,1371817,1389170,1408267,1435199,1471903,1544559,1575969,1538300,1515145,1470817,1431033,1358919,1312304,1277102,1264879,1297294,1323436,1388311,1389535,1369286,1353456,1345262,1317049
2007/2/17,1294696,1286687,1287406,1304084,1323575,1357388,1369296,1379113,1377036,1386492,1366313,1305915,1252030,1202233,1184774,1183106,1205565,1252838,1292804,1276899,1240498,1200002,1151273,1102656
2007/2/18,1048025,1027093,1024088,1031402,1060158,1101045,1114202,1154641,1185317,1240324,1241215,1229350,1208535,1187304,1188838,1193435,1237506,1306496,1371283,1407704,1419509,1387720,1335138,1299335
2007/2/23,1062370,1068348,1074971,1094736,1132953,1182058,1284303,1334098,1295800,1288163,1264401,1228491,1193182,1158975,1129888,1121823,1138914,1200709,1253488,1247073,1241279,1251734,1231050,1176238
2007/2/24,1148040,1156131,1155452,1170063,1190099,1235065,1242651,1265262,1265417,1239567,1206446,1168167,1094602,1042681,994682,978651,1001923,1061134,1088274,1069506,1064931,1075999,1056527,1008350
2007/2/25,982967,960025,954135,967341,982182,1000811,1003271,1035622,1105863,1193401,1214044,1218377,1197161,1171195,1155930,1163937,1192367,1230791,1229494,1195938,1172340,1140421,1103384,1043378
2007/3/2,923151,902070,884171,876401,891385,948992,1063746,1093268,1049074,1014833,994220,966274,953385,944128,936412,894297,892893,929923,1011663,1014698,1011988,978707,934064,888524
2007/3/3,854100,840167,845708,869217,900383,940593,998458,1050064,1057968,1030965,1004443,977137,940918,909882,891172,883004,886204,924438,1013327,1024960,1024645,1003091,970578,923762
2007/3/4,897860,893392,904587,919079,942386,969107,1020460,1088894,1128895,1140569,1128449,1104312,1102131,1082866,1067812,1073738,1098307,1150041,1235513,1267672,1254783,1204500,1141663,1090351
2007/3/9,1137564,1145653,1160504,1172073,1210436,1257624,1353099,1366313,1271343,1204733,1193413,1144103,1096179,1057800,1029665,1005312,1014430,1049508,1136015,1168767,1160057,1131425,1088031,1031492
2007/3/10,1007586,988345,985929,997650,1008891,1039322,1088336,1123614,1134202,1110165,1048953,982439,931415,886331,853453,851466,865299,902300,951533,943261,916999,872980,824093,774246
2007/3/11,731398,721553,714272,716162,731383,755570,795533,864455,922137,958031,945813,927935,903328,881258,859010,828322,835917,848167,873835,971307,1010962,990214,936752,882946
2007/3/16,835330,835906,840729,870242,921783,1002601,1114616,1180843,1184623,1195155,1208865,1212936,1205630,1205075,1204637,1202715,1216270,1212702,1203322,1222332,1219750,1204327,1147692,1092257
2007/3/17,1062656,1050490,1037527,1041285,1057833,1090128,1089348,1116654,1165784,1201992,1215372,1196621,1165462,1150860,1130988,1122132,1135158,1139056,1160977,1210215,1226461,1188298,1146456,1097436
2007/3/18,1053205,1032093,1032304,1040664,1053333,1075756,1078978,1135169,1156693,1166646,1146385,1111091,1095349,1073045,1048954,1037232,1044293,1065931,1104720,1184980,1222068,1171809,1114457,1064967
2007/3/23,731904,714028,698384,703807,725605,788551,909228,973274,948138,935929,936810,929727,914841,911464,896726,897056,892625,905194,884765,872537,886111,884287,836542,764872
2007/3/24,707543,685096,669595,658994,668538,691050,733024,797521,862617,912257,931775,915082,893838,870121,850958,845552,846199,845701,850222,879621,890627,862598,812465,756788
2007/3/25,705502,680647,671171,670849,664958,685857,724265,782956,846864,859980,846479,831398,818328,802243,781570,771217,780909,790936,811554,865440,921670,883126,814185,743847
2007/3/30,804365,802591,802212,824216,866321,952125,1089040,1147393,1063711,999825,948044,909154,890251,875993,844021,840013,838341,847173,851935,877618,908479,884806,840143,779268
2007/3/31,736396,719726,714558,717026,732768,775345,826148,892382,931527,927879,894604,860687,833230,805282,789446,787497,797950,810998,825104,868053,878434,840195,793793,735244
2007/4/1,687822,668262,651793,656970,662207,674246,716660,781767,843643,885169,876835,860118,841784,821226,808560,811387,804624,826021,853082,892719,931318,887442,815260,751455
2007/4/6,975653,955281,953479,950065,979431,1023380,1090008,1133324,1131515,1122632,1099431,1060825,1031290,995856,963860,948589,950580,960043,985745,1018972,1049660,1028230,989371,936133
2007/4/7,902264,886964,884808,891901,915808,947429,950193,1001359,1048064,1087090,1080081,1072496,1043829,1013254,990977,982034,998486,1019011,1045767,1097690,1135097,1119591,1083303,1026861
2007/4/8,990911,966900,956694,962529,979964,1009621,1004134,1042893,1060277,1096933,1129271,1088175,1055463,1006729,958454,913799,900984,904296,890373,926847,997883,1004213,996700,949598
2007/4/13,841793,830046,836600,853241,885175,940284,1009316,1044491,1036177,1053509,1067637,1040202,995720,973659,935426,917243,902320,905861,869933,868654,930096,920877,927726,881497
2007/4/14,849843,834005,823936,819445,819204,853149,890310,921399,923884,915240,922292,927859,919877,887777,869831,876462,904256,928016,884812,895700,897845,884782,878374,827310
2007/4/15,782040,763920,757478,761676,774842,788150,813074,831128,868219,916807,966484,994975,981552,962528,950463,951750,956417,986010,950097,965982,996592,972346,965667,924802
2007/4/20,842385,840403,842659,857737,896575,967216,1081244,1102592,1023718,990793,952226,921381,896181,884029,869409,856101,856119,848387,842097,847611,864025,827931,774862,710365
2007/4/21,662682,641870,634714,645918,668831,708026,768348,812246,822430,808900,780231,759891,739883,727443,721526,723689,734459,745865,751657,748500,797677,774113,747223,683988
2007/4/22,642155,613025,614298,631373,640904,676824,709611,770580,815552,834228,808970,777041,777556,774686,774478,796303,811715,835167,851148,868820,933260,894339,811353,730237
2007/4/27,735508,718265,708098,711273,725054,779449,891760,936759,925713,927004,920934,914877,905676,896199,879153,876530,880621,889740,885760,884562,923634,898824,838306,762771
2007/4/28,704024,671800,655696,638488,639819,658103,682312,739887,789564,808651,820204,817477,804905,794432,785513,779488,798082,808285,808266,821455,845255,817019,758886,694471
2007/4/29,647175,621469,611634,606450,612146,633578,656932,718940,770493,810084,812061,801737,799044,790621,784544,782651,794567,796150,807382,820562,888398,866771,789455,721639
2007/5/4,723081,695745,674816,669306,686292,731688,808898,847002,848304,843352,844692,833584,828292,819641,817311,807945,810361,806079,806223,803368,830165,815250,778643,705089
2007/5/5,653556,625885,610053,607152,610455,629445,662296,706971,756011,793382,802917,797126,780409,768027,755537,746823,753800,770687,773759,798376,808253,782373,735932,678086
2007/5/6,634751,612435,596393,603591,596439,618849,647676,715050,780069,811931,807669,790239,788029,765657,752332,740902,751692,764156,778397,804081,875802,853138,790050,705199
2007/5/11,812614,760339,731154,724181,738932,790658,877044,949813,946060,983456,1020014,1051937,1062906,1055759,1052999,1066304,1072685,1086544,1110627,1077561,1075169,1047210,961134,861111
2007/5/12,793945,745900,712486,683344,683928,697526,720142,785482,827764,864431,885744,896135,895846,883517,852655,871028,889072,906576,917346,890425,902489,886922,813800,742310
2007/5/13,677118,633133,623775,605140,603790,610011,626237,686964,767945,809895,817411,814629,801392,789878,786451,783095,799867,810217,819640,827974,869191,859864,790694,706945
2007/5/18,714819,688518,673361,680018,695412,751635,848642,912244,913910,916968,929362,926077,924949,922808,909714,897342,904922,914624,916215,914913,931122,914661,855641,787169
2007/5/19,738760,714612,695959,688645,701623,722570,755403,809998,848150,859178,837725,822389,814383,797991,794428,791775,793865,798296,792665,786207,809565,812873,762724,697399
2007/5/20,650910,615007,608372,601617,606609,614257,642115,691864,763379,796536,806880,811599,814559,809982,807291,816361,836629,858634,862306,879100,913047,905409,828338,747122
2007/5/25,791392,756802,729941,723648,729927,780166,865700,937744,960656,984794,1019813,1059808,1097274,1095667,1088698,1101062,1130942,1130201,1145294,1141557,1124772,1090494,1008206,912455
2007/5/26,828853,767885,734149,705929,701906,711331,723765,791970,875385,944233,1012059,1062042,1086425,1099270,1087785,1103130,1114780,1120981,1124032,1098366,1086697,1055996,973643,874221
2007/5/27,794887,740074,703925,685418,669313,657629,669930,725654,818324,891341,938797,976155,1039356,1059101,1053460,1069330,1057903,1035256,1024316,986665,982024,955740,888871,802733
2007/6/1,893239,843020,814899,795794,802334,849984,944663,1005465,1042324,1085719,1141656,1192493,1223033,1229614,1260434,1281723,1292677,1295264,1288688,1232746,1205009,1157549,1064032,955514
2007/6/2,863407,812882,776300,746538,740212,740170,766499,837044,924424,1000931,1077920,1127236,1165593,1169450,1165599,1166747,1158953,1153842,1123256,1073703,1047058,1023619,951939,879020
2007/6/3,805377,754155,727039,713510,697377,704183,712262,772783,837966,895272,921259,923772,917624,905423,887633,880888,887238,908383,911540,921569,938466,926767,859999,786538
2007/6/8,887858,838713,801737,785856,786303,851698,929154,1015423,1063789,1146379,1232969,1309598,1351448,1378340,1409893,1403962,1401127,1395872,1351781,1302106,1276993,1240321,1143740,1033828
2007/6/9,943638,894265,849341,819292,810124,810593,832849,899105,979031,1003693,1058786,1093429,1128961,1155919,1176889,1190358,1204808,1206937,1201963,1138500,1082275,1054737,957193,856968
2007/6/10,766455,713806,678706,663395,659716,656902,670840,730614,811710,874209,914665,953181,976295,972075,980623,996942,1032760,1080762,1102436,1085473,1077693,1050632,965316,866154
2007/6/15,709359,698053,691339,680796,698754,740741,808802,855391,865287,888327,906240,918429,915194,904208,910039,900946,904539,914675,912848,895294,903507,912685,847981,773222
2007/6/16,722027,676459,658477,645960,647212,662994,682319,725774,791581,834146,859187,876214,895911,894446,882396,906339,945499,996299,1004067,981706,960565,943936,887238,805545
2007/6/17,729603,679676,655762,633576,631027,624174,639146,708118,802541,882809,940995,989685,1047919,1056752,1072856,1107734,1146968,1181937,1221583,1188871,1166712,1145341,1049685,941056
2007/6/22,820160,787153,765266,760608,760911,790849,844076,911864,951633,991052,1012421,1031305,1034257,1019767,1004393,1029745,1080488,1121519,1115846,1069233,1023906,1009664,933912,837921
2007/6/23,753148,704622,675754,659413,655462,663270,682361,734327,797176,848414,887192,897286,921640,907328,887035,907184,970344,1001150,984013,955136,917931,913130,849532,766929
2007/6/24,709053,665056,635354,627735,622409,622402,640322,699857,783378,853311,895963,919425,952374,942145,946072,965818,974718,990745,1014582,1008462,1001560,1008179,937432,859448
2007/6/29,948810,904166,865168,847318,860884,889258,951445,999882,1028605,1056426,1086459,1074539,1053669,1056079,1048209,1051929,1071052,1107946,1108747,1084810,1070718,1062785,1002840,901425
2007/6/30,841527,789551,759605,738583,728281,742182,753651,803626,883790,956070,1006298,1038330,1063317,1088073,1105183,1127399,1162977,1165567,1137853,1070695,1022441,1007385,932706,849823
2007/7/1,763059,713807,680790,660403,638331,649170,649865,702819,788315,856865,899097,928541,946660,946264,932108,948377,971364,1038843,1033457,1006516,987724,985176,907316,813731
2007/7/6,843142,797982,766554,755818,755480,786763,838191,933236,1007508,1083144,1134329,1184549,1211695,1209773,1215814,1240053,1258364,1260065,1235630,1176074,1106338,1100806,1022988,908035
2007/7/7,836600,768217,731045,711371,690224,687403,697811,765774,878118,967117,1045110,1112959,1155961,1172224,1181436,1204700,1235556,1251607,1260059,1202077,1141935,1101032,1010396,913603
2007/7/8,817390,755897,714203,687274,679180,678334,676134,755654,864928,972799,1066593,1149423,1212570,1233100,1237807,1277657,1309844,1345820,1357843,1298344,1252269,1217862,1107862,994003
2007/7/13,854409,805306,781014,761381,768253,812348,860637,933389,995440,1047474,1113116,1157996,1179991,1151971,1094078,1092736,1097643,1128251,1134514,1115852,1093078,1075161,1002799,900419
2007/7/14,823475,769975,734737,715321,708084,699001,711803,766267,843134,926515,994356,1054683,1099328,1119871,1125930,1161437,1180545,1204431,1201253,1161828,1126469,1114311,1029596,938154
2007/7/15,861411,799161,764515,740768,730100,721839,717373,805558,926279,1029327,1115214,1179537,1225781,1265054,1259578,1274411,1294482,1314723,1269261,1223149,1207568,1173843,1080661,981336
2007/7/20,942667,896342,856199,850496,843021,871153,922942,985559,1021124,1052131,1071168,1086324,1110166,1114854,1106401,1125840,1137117,1166182,1150510,1105012,1058388,1040555,963241,867422
2007/7/21,794665,740080,713536,698566,680179,687007,684594,731516,813135,876444,918069,954719,978009,972430,966410,997405,1019683,1058414,1069767,1033906,1001778,974302,910317,819869
2007/7/22,741635,693074,668146,639134,627688,635060,633338,683225,768632,848256,906359,956750,996687,999723,988535,1006893,1032780,1056231,1083681,1058924,1033469,1011849,924254,820311
2007/7/27,940005,876196,846734,821346,833952,861256,921131,989522,1059705,1135831,1217653,1298518,1366007,1382321,1334935,1265511,1208882,1180555,1167350,1163002,1135385,1116790,1045684,947823
2007/7/28,880809,825237,793650,764770,756356,773202,783121,840243,940758,1043609,1132129,1190070,1244952,1267155,1275664,1297718,1307973,1309368,1291289,1255969,1225640,1191601,1105396,997106
2007/7/29,916625,858644,814122,795671,770776,778442,786767,824162,913586,1006833,1055007,1106898,1156785,1161921,1156065,1163199,1145155,1131436,1126221,1088309,1092548,1075874,986975,909215
2007/8/3,1018478,954015,915216,878784,863965,895557,944609,1020695,1096021,1158920,1259296,1365456,1439258,1419400,1427905,1431357,1423514,1422255,1396487,1357039,1320270,1278620,1169917,1048720
2007/8/4,976697,917535,868615,844369,834242,844580,856715,902194,1006931,1126834,1247236,1321282,1388446,1383653,1412619,1433826,1439213,1427087,1411016,1392221,1343508,1289855,1184760,1069657
2007/8/5,970836,903529,852938,818258,808929,805861,817252,860739,952839,1038381,1114313,1210006,1231412,1187971,1181843,1169674,1140092,1120190,1122735,1131636,1133384,1076668,1015176,935391
2007/8/10,1005986,943518,920272,915723,919736,945441,989123,1048592,1114950,1179179,1263176,1316455,1330147,1380361,1403947,1443457,1464793,1460942,1444340,1398583,1378812,1320787,1216544,1089484
2007/8/11,997950,932757,884668,850205,833850,830342,837203,872442,939627,1010160,1060510,1104518,1135151,1129941,1148318,1177075,1199114,1220464,1238102,1182213,1137259,1091157,998247,904921
2007/8/12,830632,773128,729764,716176,703881,701978,712847,766178,869477,974573,1055871,1131293,1176850,1191114,1223732,1263185,1290511,1327454,1354668,1315304,1289379,1230481,1127713,1017313
2007/8/17,1019977,963746,925567,903250,902852,933496,991592,1044751,1108926,1184848,1259971,1300618,1321868,1376260,1415518,1430308,1450204,1431173,1409994,1353781,1314595,1248433,1167419,1047666
2007/8/18,958586,888268,840786,798951,784919,778644,799098,836848,914677,971826,1002799,1016723,1012116,997551,1012827,1041307,1056064,1092702,1078271,1024230,1003962,974651,892937,816374
2007/8/19,753635,718920,694515,680446,682515,684880,696087,734112,796326,848072,895587,941285,961611,978581,998230,1025813,1019234,1039954,1052973,1055224,1069893,1019245,934678,774131
2007/8/24,874053,833209,815680,806142,808027,852792,920081,980407,1038877,1114006,1195348,1279451,1332658,1364780,1425554,1461906,1461562,1423232,1377001,1345737,1323706,1258299,1146114,1045098
2007/8/25,966826,916562,876382,860518,850516,854575,879451,939274,1038403,1150842,1259053,1359386,1422293,1449584,1489574,1494501,1361413,1315573,1296837,1241761,1216791,1161551,1074168,983213
2007/8/26,923228,864340,830075,796050,788783,786988,774019,818486,937474,1038325,1114992,1177796,1211768,1202271,1215975,1237768,1219100,1241012,1238578,1204514,1204370,1127742,1029369,926871
2007/8/31,908186,859124,826889,814926,814781,861338,944836,990199,1035903,1088584,1118669,1179044,1229195,1251749,1241552,1251101,1254091,1233744,1201015,1165448,1147428,1090126,1006638,910289
2007/9/1,832929,778358,743557,723662,709614,712586,721216,752560,827897,891742,931863,948467,975892,993197,1020570,1050280,1068174,1071621,1045693,984064,974976,908752,835295,755606
2007/9/2,702457,659030,634691,626983,629071,635932,655229,672939,763100,830577,877518,911361,954666,988144,1012203,1032623,1055132,1065856,1029454,983849,981045,926502,845375,769278
2007/9/7,949952,896012,880121,855133,855531,899992,998094,1043548,1075092,1133393,1194313,1263434,1333639,1352864,1387941,1408945,1412357,1395402,1368378,1344513,1330482,1253473,1162488,1050640
2007/9/8,944411,878251,844341,818136,805503,806441,832901,869775,957077,1029383,1102502,1185452,1266717,1325478,1321712,1317005,1322696,1310660,1296578,1258898,1217427,1149039,1050034,946693
2007/9/9,874074,811216,769534,745260,732180,720425,742134,776028,850623,959260,1046590,1121775,1188475,1219100,1226428,1246827,1235320,1244972,1243023,1250190,1247831,1154886,1050572,947530
2007/9/14,772663,741804,716694,713819,720161,777715,872214,926253,931984,960649,998217,1002777,1009527,1004009,999960,996812,992420,981062,997030,1010056,989883,947859,885204,805016
2007/9/15,752030,710878,691811,684989,674856,690502,717666,759074,826691,858582,884656,876485,876894,869004,872179,865113,871197,869316,849812,859396,859231,813970,762937,694779
2007/9/16,641138,617253,603544,593830,595555,606856,621929,671039,745352,781177,794525,788706,794757,795370,797848,810553,815515,829537,835927,878564,893782,839834,768386,707287
2007/9/21,753332,715049,698589,685267,669620,692515,794411,837206,848100,870476,905955,936576,972997,1016958,1080409,1101741,1113417,1112063,1082121,1074623,1061529,1008032,937735,858008
2007/9/22,776996,717552,688145,699499,693687,719218,754225,804384,873427,936210,1001612,1037183,1076600,1109055,1144874,1173542,1201071,1198789,1156362,1140233,1109037,1038621,946312,852846
2007/9/23,785929,753025,710781,695979,682058,684631,708543,745696,831149,911639,963137,986666,1025047,1059409,1074877,1096700,1109499,1102410,1055583,1041878,1023103,944477,845849,764542
2007/9/28,898696,882831,848600,840619,850813,886867,1018254,1015565,1029242,1040979,1106116,1159879,1173248,1173920,1153073,1148901,1144866,1118904,1133340,1151931,1129736,1081330,1009881,945660
2007/9/29,876341,840901,812216,776615,766890,778201,806782,843010,921388,987203,1007694,1010811,1028380,1033902,1047423,1087134,1109028,1093765,1069686,1061753,990233,925518,859250,769641
2007/9/30,719524,690056,671917,672916,706616,720512,749746,823112,912004,981914,1028566,1025526,1055936,1040542,1029839,1065511,1096011,1108302,1101014,1101967,1049394,974963,878676,766495
2007/10/5,757441,724055,693531,679264,677345,725545,847758,895848,893073,935496,965461,1008193,1031228,1047318,1074110,1078568,1094570,1070990,1034517,1054352,1005597,950068,888329,779558
2007/10/6,701011,666955,629583,615501,613573,633612,659293,697331,783628,830869,849269,911614,940412,985734,1002005,1043445,1059627,1074155,1020105,1016019,985488,905088,809263,750812
2007/10/7,711498,680082,650976,616306,590025,591942,626279,667679,771039,840069,891536,950684,1022929,1068308,1089803,1105659,1118761,1128236,1083037,1097051,1061156,975844,882581,784628
2007/10/12,722100,697275,687565,690725,697062,727728,860152,913522,894722,886951,887683,890411,863567,867944,850816,850919,851172,875301,896691,924547,912453,881030,823274,760967
2007/10/13,685155,666349,636401,642846,642898,660216,708504,767881,802596,824698,823533,822076,798982,788712,774751,779803,790110,795015,806776,841075,839393,801919,768918,704729
2007/10/14,669219,649424,635436,631586,634155,656774,708111,749355,819298,856942,838213,837138,825376,811586,808513,779331,811597,803115,851644,904303,916412,846102,792683,722346
2007/10/19,761479,735940,724774,722439,723283,788362,890683,942797,963565,985003,1001202,1007144,993378,1004761,988563,993940,988412,994202,1019894,994038,972680,937988,873567,787705
2007/10/20,708196,686577,652937,642902,637186,645821,680868,727804,786783,835973,846248,850431,840324,818854,817455,809045,816802,801934,829106,845952,817870,807792,741859,672308
2007/10/21,641959,618908,602573,592537,602974,597655,639275,711430,769379,808273,806204,797229,810364,801546,816707,821383,837721,843792,868024,919291,903478,845246,782804,713502
2007/10/26,758549,734114,712727,709614,721934,763730,855901,938502,944422,927820,954623,943936,929390,928842,920511,918638,926951,940556,982842,967872,951870,896871,838585,755773
2007/10/27,717345,694370,666550,666052,667456,675385,709625,755094,809333,871203,812729,804176,798063,800801,801384,793257,796425,807528,835387,861804,827791,798029,703274,645881
2007/10/28,616878,592962,565843,572282,603745,631297,662025,722739,793356,818308,833479,822868,815736,802998,796289,798609,798826,828070,881927,948592,943196,898688,845867,794509
2007/11/2,780013,772643,771994,785448,823962,883071,1009437,1071073,1044270,1007536,976722,945326,919906,916889,898864,888710,898639,921857,990372,1007107,995574,973674,932535,874672
2007/11/3,833889,819624,802412,796828,807107,837083,871270,933282,991888,996571,971454,921977,878812,862450,843832,829510,834758,850442,905147,921243,892932,864041,824602,781402
2007/11/4,742255,724285,715531,706278,727756,765380,821712,890300,941118,941076,910667,881146,863587,857526,848461,843114,868727,949549,986949,983406,968030,921946,875522,836151
2007/11/9,926155,915067,905032,909664,923531,976100,1039333,1082995,1072901,1065341,1072943,1057381,1045458,1038894,1033612,1066582,1088171,1142472,1151457,1121570,1097351,1047772,996939,933708
2007/11/10,883938,865870,850719,849993,863271,880965,923839,980102,1028987,1040009,1032014,1018031,1005390,972781,959086,972719,999188,1052907,1052810,1033981,1011975,980750,935554,882644
2007/11/11,852985,847022,850554,864954,881190,917542,969657,1035100,1058996,1027446,967575,904628,881051,856995,857642,868668,928578,1007066,1025740,1028553,1005770,953110,885307,831001
2007/11/16,888682,868385,862811,889619,910733,976610,1063615,1082413,1072963,1091012,1083980,1060727,1033534,1020348,1015462,1020908,1066742,1135547,1106546,1102707,1123021,1104663,1054935,1000839
2007/11/17,952241,939588,931662,920957,960331,993122,1033102,1075898,1108740,1115620,1063917,1017011,964780,923421,907993,921336,950659,1041190,1046000,1027893,1009856,980155,944804,899982
2007/11/18,872792,853767,846019,853760,860462,881163,925177,974500,1028995,1038397,1012551,971325,931167,902663,877586,901787,950808,1025465,1030714,1034321,1032762,983405,925218,860781
2007/11/23,675154,675784,694105,723158,750983,798895,847140,908012,951557,956406,959562,947289,916652,901536,891104,902734,953264,1065606,1095704,1091234,1081029,1056805,1023604,975086
2007/11/24,939204,924169,932266,933715,988008,1029014,1101110,1154981,1160258,1132095,1084024,1031408,983912,944350,934453,956731,1015026,1108124,1109277,1101619,1066591,1027120,984367,923068
2007/11/25,877211,855938,841973,841039,863769,882684,925853,983640,1047370,1061705,1033903,992992,956502,934655,925980,915962,967469,1040984,1057575,1055626,1038800,988321,926799,862384
2007/11/30,935528,925714,930078,946199,983370,1031034,1116483,1167140,1107312,1076332,1056711,1031101,997480,979705,966077,970078,1010808,1122531,1158971,1165853,1155578,1128532,1078307,1019276
2007/12/1,976530,955739,943935,953936,972335,1003513,1052063,1110506,1126697,1120459,1079590,1035323,990038,962003,944025,943467,1003428,1114991,1133785,1118221,1095470,1065231,1014898,952672
2007/12/2,907133,895607,894467,900248,915621,942165,975309,1037541,1090195,1124386,1110381,1086095,1070035,1061373,1045530,1050375,1106119,1169373,1162889,1158539,1118143,1058123,984479,920725
2007/12/7,1234153,1224561,1206573,1206596,1221346,1232854,1285492,1319475,1314691,1287270,1283034,1257965,1256609,1237798,1231286,1199195,1224283,1245199,1242647,1215723,1205699,1197365,1141177,1062488
2007/12/8,1015764,987445,972606,986393,987441,987428,1043127,1099901,1153215,1159577,1139157,1098763,1014486,971255,936790,946903,994637,1093144,1093498,1073454,1059575,1043747,985569,917792
2007/12/9,841250,844241,835041,828376,840468,857030,902961,980586,1017873,1046685,1050477,1029511,1019504,1009287,1007274,1013787,1049786,1108328,1119749,1121068,1108534,1050785,951445,900449
2007/12/14,962121,941867,940109,954232,998284,1061655,1190588,1234097,1196318,1140383,1084232,1033788,985037,964369,947586,949601,1012140,1139473,1165587,1173662,1187969,1171636,1130869,1069583
2007/12/15,1033017,1008386,995916,984471,995895,1032548,1076221,1132027,1170092,1182324,1162975,1150508,1126651,1126025,1135666,1148816,1204703,1274727,1257566,1232676,1209764,1176324,1118192,1053597
2007/12/16,1005818,973103,943228,897450,880507,906019,957496,1012151,1062981,1098175,1107313,1065288,1033561,1018157,1025773,1050456,1122347,1245340,1265393,1278178,1262920,1209309,1133337,1075203
2007/12/21,1031003,1007515,993273,997603,1017755,1075540,1153572,1206503,1216738,1224301,1205716,1168526,1123073,1099866,1084752,1079104,1128299,1205348,1208441,1187336,1162652,1128788,1049609,978969
2007/12/22,922307,887132,873447,869001,882422,910954,954338,1017105,1069968,1091896,1097179,1086992,1060729,1034906,1022351,1021178,1044629,1119973,1115426,1099287,1066874,1039601,978475,903619
2007/12/23,838767,818253,791119,792507,797950,811948,851668,926883,1000781,1035828,1030527,1005216,1002470,966103,945062,917037,909651,980802,990640,972003,946612,958025,914426,860063
2007/12/28,917967,899440,897666,915419,956355,1019344,1100764,1161531,1170640,1162161,1129710,1095640,1075513,1055646,1057158,1059521,1105869,1167943,1171307,1136039,1112769,1065810,1002281,926071
2007/12/29,874214,832493,799950,791317,802324,815329,851450,894590,950175,991048,988853,974716,943650,919448,898784,900404,915637,1015035,1032660,1018783,1005047,982116,944074,898075
2007/12/30,858264,840690,834754,851948,882800,908500,947806,1003435,1074132,1100827,1097848,1088528,1073712,1070268,1058845,1064234,1094450,1151854,1149231,1135618,1105371,1059174,1007212,940010
2008/1/4,1394934,1390259,1408637,1420495,1465607,1521141,1598762,1630685,1561358,1461946,1391234,1354001,1282179,1237024,1221822,1221691,1259493,1305480,1339496,1367895,1371196,1328796,1271986,1193273
2008/1/5,1145654,1124590,1120576,1121964,1143766,1174830,1225973,1281876,1291261,1272029,1216850,1161777,1112738,1066970,1062587,1070210,1122498,1191145,1207184,1178002,1168971,1104213,1044371,977543
2008/1/6,927421,906922,894218,894111,915553,936485,971578,1021968,1082237,1102077,1061333,1012434,975162,947227,911050,886364,923612,1019871,1047891,1044415,1018840,970339,916916,852087
2008/1/11,945421,916500,916070,910626,938091,1005147,1104953,1153801,1125862,1118421,1098773,1071155,1024222,995553,967044,952519,974245,1079369,1118138,1097456,1075822,1044514,996068,934091
2008/1/12,887522,867527,856571,860102,879604,917228,973284,1042613,1099777,1094737,1074567,1044642,1008755,973534,956020,951653,985272,1072245,1105963,1102157,1083169,1062968,1017405,998603
2008/1/13,969809,958392,972297,983488,1007089,1043662,1093449,1162418,1204556,1186110,1113518,1060982,1048940,1065214,1058122,1071967,1100675,1163032,1196179,1202466,1202646,1158638,1103236,1042705
2008/1/18,1087391,1072774,1066702,1082270,1106067,1167856,1261408,1327205,1330801,1287937,1237549,1176386,1136726,1096854,1076874,1077630,1103582,1214146,1266373,1262779,1258126,1239569,1188284,1124896
2008/1/19,1085530,1063792,1050995,1045952,1045597,1070407,1120278,1182427,1250269,1264544,1237029,1208568,1184512,1178846,1166981,1187860,1181661,1213839,1227506,1248664,1240129,1205519,1164849,1123923
2008/1/20,1101074,1109333,1118017,1157084,1191889,1233484,1281968,1366570,1436479,1438783,1427433,1422094,1405364,1373151,1342165,1339202,1357314,1450981,1510446,1507626,1517674,1519206,1492906,1448285
2008/1/25,1320630,1324277,1351505,1380457,1421135,1464030,1579612,1618129,1561703,1488482,1447727,1387231,1337091,1273746,1252772,1250035,1290173,1394351,1458232,1471911,1466373,1448918,1388660,1317479
2008/1/26,1258008,1235373,1226798,1217788,1228522,1252428,1299941,1347475,1342336,1341564,1311643,1267786,1237429,1206294,1199679,1208329,1251459,1314571,1333223,1311891,1285897,1249495,1195074,1130330
2008/1/27,1083246,1064902,1055718,1058443,1066729,1098215,1140757,1211330,1262842,1274137,1230549,1169641,1143535,1130500,1119664,1133731,1162313,1249629,1288253,1287630,1272914,1223635,1164060,1106066
2008/2/1,1106804,1089492,1089796,1106671,1130606,1192007,1266606,1334605,1348750,1355726,1340896,1331028,1316582,1287636,1261562,1256871,1261944,1294937,1330766,1304996,1272376,1229172,1175460,1106752
2008/2/2,1069073,1024638,1024782,1036679,1057976,1101605,1160082,1223133,1257273,1251213,1218083,1171928,1112702,1061178,1010257,996673,1006080,1085043,1160703,1170594,1166872,1154832,1129166,1084425
2008/2/3,1055831,1037572,1028957,1047830,1062108,1084002,1126372,1198499,1259499,1243178,1158214,1074492,1014511,984554,951128,948664,985317,1058515,1078975,1063853,1059836,1022613,997029,941564
2008/2/8,1024266,1025904,1048040,1061501,1104681,1175309,1305996,1344456,1263427,1191040,1144215,1091587,1067889,1041361,1012397,992428,998620,1069423,1155692,1174585,1180423,1160910,1121861,1076131
2008/2/9,1051842,1037498,1031392,1026372,1031745,1047652,1085952,1135036,1171087,1159512,1114906,1049634,996928,954971,928259,928906,943732,994771,1063683,1057206,1041266,1010420,969600,928582
2008/2/10,890217,874603,873803,879634,899224,923508,970634,1034863,1095039,1115686,1096752,1076243,1072130,1053799,1049351,1074038,1109338,1220545,1345998,1398686,1407655,1392607,1364451,1335256
2008/2/15,1154099,1141157,1138825,1138050,1162913,1224963,1338362,1366198,1297511,1222096,1165293,1103037,1068861,1031003,980922,978368,996841,1062638,1169058,1165748,1141459,1110839,1059484,1008788
2008/2/16,967602,955125,957722,968573,995674,1050726,1130942,1202630,1234352,1206864,1165762,1113841,1048127,1005320,991789,971389,988324,1047067,1140221,1156016,1156748,1148463,1125845,1080364
2008/2/17,1048666,1013834,993431,990264,995844,1017546,1057748,1121646,1175611,1181777,1175120,1147930,1115861,1095731,1084304,1086056,1100005,1132990,1163502,1157537,1120260,1060895,990873,916259
2008/2/22,1198429,1177696,1177512,1181814,1205225,1228736,1282296,1331432,1356353,1378833,1431163,1413271,1374254,1344323,1315368,1301281,1318944,1352789,1366266,1345903,1312123,1266726,1217132,1142623
2008/2/23,1107666,1078912,1062383,1067113,1072649,1102872,1145337,1210889,1258220,1288235,1283512,1258533,1210928,1172060,1140640,1126443,1141977,1187679,1236498,1233618,1213989,1183636,1150384,1112968
2008/2/24,1085362,1078318,1088194,1101020,1127401,1164365,1217951,1276783,1261600,1222173,1165617,1108147,1055778,1016687,988905,1002275,1036369,1122874,1197044,1210493,1199061,1153490,1097295,1027826
2008/2/29,1312123,1298687,1307028,1315647,1346922,1404922,1489547,1514879,1427496,1387863,1337269,1325405,1280350,1242564,1218452,1213970,1241854,1276022,1321072,1294046,1260486,1208102,1139720,1070605
2008/3/1,1020880,1008913,981488,980386,986893,1025232,1078381,1128245,1173958,1177217,1163099,1144882,1111591,1081841,1048758,1013099,1022854,1058124,1165490,1178727,1168636,1142830,1102145,1065639
2008/3/2,1036871,1038371,1042073,1062152,1075772,1115359,1174394,1223618,1225911,1198159,1133878,1077276,1034235,979541,939873,925775,925551,984275,1086192,1125448,1131553,1100259,1053448,999903
2008/3/7,950474,948870,958221,971439,1009684,1084066,1205579,1229994,1195528,1152663,1128477,1116868,1115692,1119682,1121593,1119511,1143929,1170740,1181709,1171331,1138010,1082657,1030310,953691
2008/3/8,909122,886838,864894,841370,857748,882025,926243,992468,1061128,1088335,1097864,1071338,1027086,987851,966767,982616,988895,1038242,1139893,1177760,1194157,1178450,1150262,1111903
2008/3/9,1088664,1084233,1080404,1093877,1110853,1138014,1175350,1239739,1279467,1275939,1242800,1199337,1163518,1115436,1056899,1010452,991583,994156,1035225,1140505,1205461,1180934,1131865,1072980
2008/3/14,838387,812034,802108,814752,852020,914176,1039220,1105821,1065967,1024484,992360,965087,941677,923067,906334,900177,908122,920296,946928,987763,981669,946129,887789,828132
2008/3/15,778122,740727,723889,726167,736472,770392,820267,885706,938203,955657,939380,910912,872749,846505,837441,831667,843527,856250,867914,918399,914224,903007,862239,810923
2008/3/16,770131,752120,746502,750262,758748,783820,840974,908170,967844,1002218,992169,971014,960559,951370,943540,941223,942521,969473,1011232,1095382,1133757,1103388,1035177,976238
2008/3/21,937784,924271,928369,942503,975231,1024961,1107649,1156137,1144571,1114005,1078993,1041380,993858,938023,902775,884964,879076,889413,897564,947054,992988,992302,950375,902449
2008/3/22,866221,841148,836950,838912,849427,874215,924020,987397,1030251,1047161,1050844,1029832,981617,933282,924200,915009,922276,945727,964974,1025080,1039069,1029227,991903,944748
2008/3/23,908357,895970,897948,918215,934636,982616,1043237,1102443,1133237,1116400,1059077,1006039,959519,913961,864603,830714,823553,836963,883875,965973,1016001,1000107,953742,902324
2008/3/28,821905,801998,787247,788093,812654,873648,962835,1013035,994362,982901,959013,936580,919390,912564,894644,900743,902324,912047,911015,945339,979385,970654,921005,864817
2008/3/29,834064,820448,820529,833809,864205,901648,964739,1034926,1081499,1086659,1063595,1016313,975581,937615,904847,902505,898968,901002,921365,986059,1021448,1013184,978750,928014
2008/3/30,899743,877513,876929,880465,897999,937028,985151,1051495,1109945,1131853,1122422,1092853,1067197,1042906,1015254,992770,1007920,1027113,1061694,1120042,1131118,1087690,1002646,938489
2008/4/4,980014,959353,948701,946550,963747,1007351,1122823,1167386,1158214,1141342,1113644,1064047,1016668,994412,962826,935857,928728,935682,936704,964127,989420,962189,910217,830274
2008/4/5,779438,747795,730736,720665,731072,756268,791815,844858,890008,913700,906147,880308,848495,827597,807135,800284,805615,822936,848614,879692,902824,871049,822548,761980
2008/4/6,715108,699073,690421,698698,707326,732792,781031,857664,941444,998633,1015898,1006707,1003656,1002227,981277,978795,988625,1004491,1015045,1053477,1067510,1021972,941692,865383
2008/4/11,756514,731035,721182,716872,733292,792212,886810,941899,933584,927066,932843,923679,924140,926137,937200,935405,946764,955113,947475,974269,973828,935847,873928,783169
2008/4/12,719881,686268,661288,657680,658682,688756,716577,767308,826763,864693,874464,861921,848849,835736,827071,829683,843828,847668,839566,841765,878404,838975,791499,721666
2008/4/13,674283,646116,635502,626465,623728,646012,684282,756743,851271,899208,910711,902295,898211,879180,861153,871626,876182,898296,910912,949412,991745,952510,877432,824830
2008/4/18,716252,701731,689275,695858,735230,804856,923006,971514,948983,931421,918190,914363,911079,910509,918535,918810,927906,944595,956782,940701,978470,937863,862922,765021
2008/4/19,697047,663949,639270,614557,622141,641678,687766,745202,792261,813300,823802,826004,830973,834913,835140,819435,831764,845531,843961,841809,878898,847454,793854,729237
2008/4/20,668791,640600,628493,616573,618502,626719,653640,706074,775856,812359,836738,828759,840858,840091,823119,832760,838333,858844,881928,907914,931445,881463,809515,751483
2008/4/25,726061,699070,680040,682823,698115,754116,868346,916497,912975,934180,936125,954758,968755,982057,998337,991250,944963,926552,914568,947516,1000068,963436,889957,804506
2008/4/26,743911,700455,677885,673870,671598,690178,728733,798192,865938,903963,928792,944041,962030,987253,985166,973285,963798,953218,937023,940123,945155,903141,838586,767196
2008/4/27,710958,670454,652450,637103,625158,634378,664753,720616,800845,841873,854109,867554,873668,863816,848134,848660,857405,874118,892959,918766,946405,898218,830275,747755
2008/5/2,750671,727100,717096,721083,737287,799848,888603,928797,927605,921145,918506,913718,916947,916394,906634,881353,887420,896229,889901,904930,940838,919096,869809,791197
2008/5/3,723507,676411,660291,671355,674463,688195,705271,762085,825539,858513,877120,894636,895564,895913,894745,896129,903343,907553,887679,887854,911783,890088,811548,743053
2008/5/4,681410,642655,625746,624807,618755,627185,649605,711517,789950,842494,853127,848778,830993,830186,831741,842316,855301,862804,863043,873457,937137,910270,821054,736002
2008/5/9,754421,720732,709369,714344,726817,774803,882993,945146,946112,954113,961014,957456,947185,937401,927197,918876,916907,914274,908894,909209,922406,899485,842295,765073
2008/5/10,715459,693053,675071,668703,668899,685065,726927,787789,849401,893575,897436,886383,862805,841587,819555,815311,816839,823105,824604,825248,867803,867239,811944,748622
2008/5/11,688879,662415,647124,648369,656907,668443,713557,781537,855035,891083,891501,883315,884236,868385,839026,836749,863585,891578,905142,926691,960690,926428,851076,792357
2008/5/16,772709,742188,720870,720722,734040,783400,889606,943008,940778,938929,944110,951404,942287,934984,941384,933752,937730,940383,938269,922261,948657,929906,878890,798062
2008/5/17,747792,709460,696774,695455,702736,720915,756170,805902,848467,861756,855297,848022,844719,835950,832491,827206,838327,857986,856661,856090,876654,873363,821338,745078
2008/5/18,674859,642360,631055,619687,622525,644314,660021,720838,783523,838962,863392,864849,875329,868229,835508,828754,835504,840099,849250,865839,916981,904677,828712,754214
2008/5/23,734650,711727,706724,726806,746488,803133,910316,962958,947419,940288,920719,909361,908392,906796,907705,916874,917412,915625,899064,897995,922644,916423,857937,778003
2008/5/24,707145,678099,660725,658590,653516,665551,697207,758787,819674,858111,864658,856368,851298,857705,853306,855764,866304,882671,878047,860044,872344,871886,809369,735634
2008/5/25,663069,628729,621057,607460,620957,630401,647020,711160,787109,832788,851127,854275,854861,851581,855373,868604,882663,897517,889458,870922,876110,882494,819412,736675
2008/5/30,769829,737648,717850,698483,716079,768126,862033,925519,943387,964884,994263,1019774,1065710,1071444,1040324,1059035,1082952,1088869,1096877,1080534,1075424,1081612,1000924,902995
2008/5/31,839590,798064,766328,753633,744645,762792,779171,844094,908298,981945,1030308,1036527,1040460,985517,968554,970526,984603,1043263,1036231,1007680,989425,987737,917407,839275
2008/6/1,770742,724565,693491,679233,674696,674284,680131,743541,849129,936148,988221,1015416,1041168,1066726,1060102,1054998,1052267,1025875,1009663,985246,990391,984311,903287,808679
2008/6/6,929497,880682,852752,821983,828891,852237,948651,1022612,1053858,1102796,1164094,1231142,1246750,1294263,1339520,1374375,1394654,1392422,1377485,1356413,1337993,1323899,1221469,1107635
2008/6/7,995733,941513,892376,852965,845640,843758,878034,968485,1082360,1204439,1308572,1387818,1450736,1450668,1463509,1496295,1492428,1464885,1442365,1429449,1376543,1334361,1228642,1099683
2008/6/8,998653,926480,891705,854164,842778,830734,836538,925088,1054286,1192247,1298169,1375485,1414541,1436147,1452366,1481617,1508897,1502943,1487862,1466266,1440608,1397391,1254443,1108939
2008/6/13,951062,889814,854005,836354,831376,870856,927578,1012564,1074537,1129856,1226608,1297365,1376854,1419725,1426718,1447272,1431939,1397755,1372157,1347739,1312889,1273825,1190050,1074035
2008/6/14,985569,928010,886567,864601,847615,844197,861106,932791,1035937,1115267,1199986,1288426,1354255,1355173,1241286,1216761,1186228,1137249,1124568,1108555,1091769,1074263,997545,905086
2008/6/15,824603,781065,754804,740184,729636,731655,743973,803338,891603,989672,1048432,1096685,1126666,1137587,1141395,1170948,1198732,1216089,1228690,1215071,1173395,1155606,1054294,938759
2008/6/20,807176,767158,749672,745705,761784,791072,824078,900952,952024,984208,967588,1006399,1024008,1064071,1073509,1069494,1077793,1107086,1127315,1087419,1075884,1063213,989465,902561
2008/6/21,822562,780332,744725,734377,727631,733882,751896,820555,904046,991598,1041430,1091982,1134913,1117393,1143969,1158267,1171748,1182238,1175752,1119746,1087416,1069245,996915,896329
2008/6/22,824365,765910,737749,710098,701714,701472,716183,781966,880434,971820,1036605,1083314,1138520,1179651,1222684,1229180,1209594,1161386,1119737,1073541,1044288,1036380,943742,851250
2008/6/27,1029092,957722,922735,894950,882676,894998,957141,1058330,1144562,1246074,1346063,1390349,1362744,1373091,1423962,1429308,1424603,1421015,1404464,1357908,1318236,1298893,1201374,1085299
2008/6/28,978170,921967,882241,851132,839240,844395,861600,922078,1032757,1127324,1214633,1291945,1307656,1319939,1359357,1408970,1442645,1456998,1422009,1347752,1269248,1224832,1132774,1035161
2008/6/29,944007,887740,849779,818725,795909,800218,807580,868286,972520,1073074,1174270,1253435,1300116,1321064,1299149,1279420,1303225,1316845,1330352,1300670,1265985,1245297,1153732,1027260
